id,agent_id,run_id,created_at,rt
"79744","wms_rag_agent","5f1b7cbd-88e8-4c45-8a1d-afae318a48dc","2025-07-15 00:07:04","19.618"
"79745","wms_rag_agent","a096ebe2-9000-4b92-9fa3-bb7f9a62b3b3","2025-07-15 00:07:52","67.4759"
"79747","wms_rag_agent","b7e2ff72-01c8-4fe9-bc29-3d4a3ef40ed5","2025-07-15 00:09:23","19.7452"
"79749","wms_rag_agent","6e70040f-34ca-46fe-90ce-7aa62786bf8e","2025-07-15 00:25:20","36.3586"
"79752","wms_rag_agent","cadba7dc-e88f-4c69-b75d-37484683e7d0","2025-07-15 00:54:54","25.2091"
"79753","wms_rag_agent","a8ff34b1-3034-447b-9e4d-6dc894ab47c6","2025-07-15 00:55:01","33.0129"
"79757","wms_rag_agent","00602b94-1574-4369-94fb-1822295c645c","2025-07-15 01:05:16","36.5443"
"79758","wms_rag_agent","926a7935-494c-4e64-9713-75b65be70300","2025-07-15 01:05:22","21.0264"
"79761","wms_rag_agent","70579e9c-683e-4020-8002-e0794890d2b7","2025-07-15 01:22:19","27.1835"
"79763","wms_rag_agent","308819ec-5eb0-4b77-aeff-fbe3c5e400ad","2025-07-15 02:29:52","23.261"
"79765","wms_rag_agent","7b25af4f-cb9a-40c4-8356-d6624d57e88f","2025-07-15 02:52:14","26.4675"
"79767","wms_rag_agent","f7ca2aad-65f4-47a7-9c02-6dc2b19a3b82","2025-07-15 03:02:23","18.7122"
"79771","wms_rag_agent","b2963c9e-ca6c-45a8-9738-8e4e277bc6aa","2025-07-15 04:39:01","71.7275"
"79774","wms_rag_agent","48e1f10b-138a-4ee7-93e3-918a37c4a30f","2025-07-15 05:22:52","20.9958"
"79776","wms_rag_agent","55094d90-79b5-4a94-a533-2fdf24ae6519","2025-07-15 05:46:27","19.6909"
"79778","wms_rag_agent","1939893e-6a40-4655-b971-e6c8ccf563fc","2025-07-15 06:01:46","24.6955"
"79780","wms_rag_agent","dabe0ae2-7d5d-427b-896a-02bdf3b925c5","2025-07-15 06:32:00","27.6292"
"79782","wms_rag_agent","7de8b9ef-49fd-425b-a43e-8c7047731be1","2025-07-15 06:40:35","20.2941"
"79786","wms_rag_agent","601059e4-1a4b-41cb-a41c-5e0483581371","2025-07-15 06:42:40","33.1221"
"79787","wms_rag_agent","5073ad72-a8c9-4337-b1dd-6d5637a62b74","2025-07-15 06:42:42","34.4"
"79788","wms_rag_agent","b1e26099-d2c5-4179-b3b9-ca37ed0b8041","2025-07-15 06:42:43","35.7547"
"79791","wms_rag_agent","074a2169-9ff7-4f22-b8b7-bc1f739511de","2025-07-15 07:18:11","37.2566"
"79793","wms_rag_agent","dae1b866-4698-4db6-aca0-cbfe144712aa","2025-07-15 07:27:19","18.2301"
"79795","wms_rag_agent","d9ed298c-0695-4460-ae56-0dca17e3cce2","2025-07-15 08:00:17","19.0543"
"79797","wms_rag_agent","1dfcf65c-df51-481d-8a72-9357be50c3c3","2025-07-15 08:03:14","34.6074"
"79799","wms_rag_agent","6d8acb06-851a-49b7-b2c2-7081d400e6a7","2025-07-15 08:18:34","24.1765"
"79801","wms_rag_agent","e7cc7264-dcbc-4c00-a0a8-e302b2b82ff9","2025-07-15 08:24:34","37.8193"
"79803","wms_rag_agent","50c4e4b6-93f0-474b-86aa-88e9dbded981","2025-07-15 08:28:02","34.0411"
"79805","wms_rag_agent","eda87ffb-11fb-4382-80fd-96f03f8e2420","2025-07-15 08:29:07","37.9477"
"79808","wms_rag_agent","0d4f7d67-8f0e-406b-988a-db51786ada3e","2025-07-15 08:34:40","36.0792"
"79809","wms_rag_agent","d1bf8f63-8385-4e45-a1a2-7248af858372","2025-07-15 08:34:42","54.1575"
"79823","wms_rag_agent","aa41c3b4-1215-4272-99c5-5b749b21ab5a","2025-07-15 08:35:59","27.8702"
"79824","wms_rag_agent","e45d5691-0bf2-4170-9b5c-0e3c2da4fc22","2025-07-15 08:35:59","27.9288"
"79825","wms_rag_agent","04121d8d-0057-45f9-86f4-940cb2e97676","2025-07-15 08:36:00","27.9923"
"79826","wms_rag_agent","5032e7d8-7f2b-4c3a-bbc4-dd388924cce1","2025-07-15 08:36:00","28.5315"
"79827","wms_rag_agent","3a5c5387-46c7-447e-8456-68e07a2ae125","2025-07-15 08:36:00","28.537"
"79828","wms_rag_agent","a9a4a6dd-bc8a-4070-baca-3e01cb5de95e","2025-07-15 08:36:01","29.0869"
"79829","wms_rag_agent","0ea12c6f-f282-46a7-8440-591e4c833586","2025-07-15 08:36:01","29.5817"
"79830","wms_rag_agent","23ddca5d-f687-410f-ae8a-b1a4d35e0375","2025-07-15 08:36:03","31.0767"
"79831","wms_rag_agent","0b4c1956-5ddf-4ac8-af20-003bd3bc76d0","2025-07-15 08:36:03","31.372"
"79832","wms_rag_agent","433531a6-0787-4c72-a9ad-a0817e4ae00f","2025-07-15 08:36:03","31.8284"
"79833","wms_rag_agent","26034d5e-c86f-4c51-9bc7-82dfcededa25","2025-07-15 08:36:05","33.7348"
"79838","wms_rag_agent","3e36c4e4-cfd3-4acd-95fd-0736d355b9fb","2025-07-15 08:36:58","29.2928"
"79840","wms_rag_agent","5e8bb8d9-1a11-444f-b4e6-8fe2316c1c39","2025-07-15 08:37:06","36.1262"
"79841","wms_rag_agent","4ef42b57-cdf5-44fb-82ad-795c367bcd57","2025-07-15 08:37:08","21.13"
"79843","wms_rag_agent","a81fefad-3305-4ccc-97a6-cd2fc5e6c542","2025-07-15 08:38:38","16.7958"
"79846","wms_rag_agent","57965520-253c-43ac-b866-21fc3413c8a9","2025-07-15 08:39:55","24.0442"
"79849","wms_rag_agent","03143b00-10ec-469f-9255-0058a913c399","2025-07-15 08:41:34","27.6932"
"79852","wms_rag_agent","a7da59cd-f991-41f8-924d-44576738a40a","2025-07-15 08:42:22","53.0651"
"79856","wms_rag_agent","ecf44ce2-ae8a-4fd9-a038-137ad06b7aa9","2025-07-15 08:43:26","25.3174"
"79857","wms_rag_agent","f6a1bcc0-c14b-43f1-81e1-494895bbc307","2025-07-15 08:43:28","40.8156"
"79858","wms_rag_agent","02567e5e-6756-43f1-b3ec-1fa4cf299e07","2025-07-15 08:43:32","30.9171"
"79863","wms_rag_agent","9981152a-8f41-4ac1-b91c-c19692603e98","2025-07-15 08:44:19","26.963"
"79865","wms_rag_agent","43ffe92b-9432-4661-897c-e78f49c2196a","2025-07-15 08:44:45","36.0318"
"79875","wms_rag_agent","944047ad-113c-43a6-bd0f-b2802d8de74c","2025-07-15 08:45:33","47.315"
"79877","wms_rag_agent","73577830-8655-459c-960c-dfa09f636759","2025-07-15 08:45:34","48.2294"
"79878","wms_rag_agent","9e8fd553-aefd-41c1-ba2f-5beba69e0c7f","2025-07-15 08:45:37","51.48"
"79879","wms_rag_agent","7c05ad40-7d13-4c0b-995b-d9fa0eec67e6","2025-07-15 08:45:38","52.1875"
"79880","wms_rag_agent","3f5c7b6a-9cad-4a67-be7b-823ca6d1f318","2025-07-15 08:45:39","52.9187"
"79882","wms_rag_agent","460f807c-4582-4ce9-9535-c89a04fbdbb4","2025-07-15 08:45:47","26.2562"
"79883","wms_rag_agent","7bde9e3c-b386-41b3-aa0a-f9c47e41f6c7","2025-07-15 08:45:52","66.5264"
"79884","wms_rag_agent","7130434f-460c-4e53-8898-94fefec8afc9","2025-07-15 08:45:55","27.9764"
"79885","wms_rag_agent","5dff8f6a-b5e1-48eb-a7ae-77daec29939b","2025-07-15 08:46:04","32.1715"
"79886","wms_rag_agent","1067cdc4-5e0a-4b5d-8638-1d786e58b6ab","2025-07-15 08:46:05","78.9678"
"79889","wms_rag_agent","375b9807-4f95-4218-ad8b-fa09f4263ad2","2025-07-15 08:47:27","31.7968"
"79890","wms_rag_agent","bcacfae4-d439-49e7-b5de-909aaa707d5a","2025-07-15 08:47:52","40.8348"
"79896","wms_rag_agent","0acdcaee-3c77-4e77-a4ce-fa48a55b8029","2025-07-15 08:49:45","20.1206"
"79897","wms_rag_agent","6ed9fd7d-08a0-4591-aaa9-b09b512a3c4e","2025-07-15 08:49:57","32.1112"
"79898","wms_rag_agent","f3ef79c7-806d-4651-b999-2634341d3742","2025-07-15 08:50:03","36.4233"
"79899","wms_rag_agent","0186985a-ff02-4926-a785-cf856e91ae4d","2025-07-15 08:50:04","39.3476"
"79901","wms_rag_agent","f77c676e-d025-42ab-875f-9c4bb86a1e00","2025-07-15 08:50:50","30.3072"
"79904","wms_rag_agent","ae6917ef-c651-49cc-856a-03f201a1e6dd","2025-07-15 08:51:19","26.9194"
"79905","wms_rag_agent","a8801dd7-fff6-46c4-b469-72a307b8ea3e","2025-07-15 08:52:03","59.4885"
"79907","wms_rag_agent","ea1ef4ec-3e9a-417f-b33f-d2fbf827de43","2025-07-15 08:52:18","24.1608"
"79915","wms_rag_agent","54b295d9-f779-42cf-8826-c03fb88903c1","2025-07-15 08:52:59","32.0058"
"79916","wms_rag_agent","530e6c15-a51d-4ab3-bdb8-e8145f63f99a","2025-07-15 08:53:01","22.2033"
"79917","wms_rag_agent","cc761b24-1b32-451b-94c9-e5b348e24fb3","2025-07-15 08:53:07","30.5163"
"79927","wms_rag_agent","a9b5cbe6-8f64-4147-a9f8-7f60c2787cee","2025-07-15 08:54:54","30.0206"
"79935","wms_rag_agent","7aaf2d8f-3968-44a9-aaed-3f22459c0980","2025-07-15 08:55:20","28.4895"
"79937","wms_rag_agent","b1f65abe-f00f-4de4-bcea-2dffb83f2951","2025-07-15 08:55:33","35.72"
"79938","wms_rag_agent","072407eb-e4e6-40c6-9d68-f06b7bcc4d87","2025-07-15 08:55:34","36.8531"
"79941","wms_rag_agent","1a6f27f4-7ff5-433c-ab0e-93f7f0b50d3a","2025-07-15 08:55:36","37.9743"
"79942","wms_rag_agent","221717f9-6da0-473c-9204-01b807e8dd3b","2025-07-15 08:55:37","39.4964"
"79944","wms_rag_agent","d02fa828-ce23-40ff-86f8-e9ddd7eef3c0","2025-07-15 08:55:38","17.5391"
"79945","wms_rag_agent","fb5269a8-f7b7-4de0-ad3f-6afb538d73a3","2025-07-15 08:55:39","41.3713"
"79946","wms_rag_agent","99527265-901c-42c4-b50e-6390efd3f2f1","2025-07-15 08:55:40","33.7335"
"79947","wms_rag_agent","1ebde2a0-eea2-44ba-92d7-d98ddc44492a","2025-07-15 08:55:58","31.091"
"79950","wms_rag_agent","477c20a6-22a5-4904-8a43-028bbfaefdaa","2025-07-15 08:56:24","16.5592"
"79951","wms_rag_agent","d3d4177d-102f-49ad-aa76-06daaec881dd","2025-07-15 08:56:30","31.9822"
"79952","wms_rag_agent","7a5bc35a-2b85-4fe1-a6ff-09a899668d44","2025-07-15 08:56:36","68.7938"
"79956","wms_rag_agent","ffc98b51-ba7d-4f28-a6c9-a084fd72e0ed","2025-07-15 08:57:08","31.3772"
"79957","wms_rag_agent","455c7ad0-ea25-4f0a-a17b-2fb30d4dbb85","2025-07-15 08:57:11","22.5597"
"79958","wms_rag_agent","4ea29a3c-3cc5-434b-89e0-02e483a04a21","2025-07-15 08:57:12","17.1808"
"79962","wms_rag_agent","080a5c0b-4b02-4788-a292-3ab73c484e92","2025-07-15 08:57:46","30.2489"
"79964","wms_rag_agent","7e5fb88c-914f-4e87-8e78-a440b458146b","2025-07-15 08:58:07","41.25"
"79965","wms_rag_agent","fbdbecab-6a6d-43d3-890e-bfd9f9758273","2025-07-15 08:58:29","35.2425"
"79967","wms_rag_agent","ec9bb5a0-7d79-4a94-80e0-1ba3bf445bb4","2025-07-15 08:59:28","30.6761"
"79969","wms_rag_agent","022810ef-6e81-42c4-b246-1adb7f2056f7","2025-07-15 09:00:03","41.6689"
"79972","wms_rag_agent","d4946350-0c1f-4908-82fb-53e6d5d04bd6","2025-07-15 09:00:21","22.0242"
"79974","wms_rag_agent","05e66bf0-5aff-470b-b22b-5522e66cbe4d","2025-07-15 09:00:30","20.4067"
"79975","wms_rag_agent","74b42418-d18c-43d6-ab38-3a65452c89a1","2025-07-15 09:00:57","40.1235"
"79979","wms_rag_agent","d770d6a8-0249-4118-a429-0a831178701d","2025-07-15 09:02:08","32.411"
"79981","wms_rag_agent","26f7a3db-a40f-4caf-8a0a-4a70fb993a63","2025-07-15 09:02:20","37.351"
"79983","wms_rag_agent","ff40de39-9723-4668-a385-4d40829d1615","2025-07-15 09:02:23","16.1889"
"79989","wms_rag_agent","a7681f54-523e-47a0-b824-6dc1160c1657","2025-07-15 09:02:28","27.507"
"79991","wms_rag_agent","0e819a90-a80f-45c3-9cda-3a332d104d22","2025-07-15 09:02:36","23.6863"
"79992","wms_rag_agent","d847908f-8651-4114-9a4d-3356fa4ff4e3","2025-07-15 09:02:36","18.3439"
"79993","wms_rag_agent","5aa329a9-cfb5-4129-83f0-cfcf89082c73","2025-07-15 09:02:39","18.7443"
"79995","wms_rag_agent","46bd5e24-f938-4e8a-8f95-c09b2ff1cc56","2025-07-15 09:02:45","34.3069"
"79996","wms_rag_agent","0cf69761-7403-4112-8bbb-47f0ef744de9","2025-07-15 09:02:46","30.9078"
"80000","wms_rag_agent","c621806d-cc26-4b0d-b84e-9ccb9c68f5d5","2025-07-15 09:03:24","24.0507"
"80006","wms_rag_agent","f2bb2c34-52a5-472e-b660-6e48244ff9dd","2025-07-15 09:04:36","29.4061"
"80009","wms_rag_agent","3f5fe7f3-a408-41c2-b255-5bcf48fd82f1","2025-07-15 09:04:43","29.8869"
"80011","wms_rag_agent","3ce4d0fc-8d50-46f0-b464-33cf7a854ae3","2025-07-15 09:04:50","14.2015"
"80014","wms_rag_agent","2afd3b28-90d2-4241-9a14-32b30217afe8","2025-07-15 09:04:57","33.4123"
"80016","wms_rag_agent","17d4f6ce-75b6-4392-88a2-4f8f492df812","2025-07-15 09:05:04","43.4771"
"80018","wms_rag_agent","e50668a6-d646-4e66-b6dd-b7a4c8c43a8e","2025-07-15 09:05:07","19.1047"
"80019","wms_rag_agent","2c06c45e-b319-445f-be5d-a4207e6ccf7e","2025-07-15 09:05:09","26.4507"
"80020","wms_rag_agent","32cad5a8-ab33-4aa3-88fa-00b994b74295","2025-07-15 09:05:10","16.6645"
"80021","wms_rag_agent","48f91fcb-627b-4c91-896e-1398f3b2287c","2025-07-15 09:05:37","64.1572"
"80024","wms_rag_agent","15f2169c-5db2-40d5-86a2-773efd5d63f1","2025-07-15 09:05:53","57.1726"
"80027","wms_rag_agent","0fc9f39a-3ab4-4b7a-810c-66fefe34e605","2025-07-15 09:06:21","24.7499"
"80028","wms_rag_agent","1af3d8d2-050e-41ee-852d-52749bdc595d","2025-07-15 09:06:25","112.011"
"80031","wms_rag_agent","158200ab-b255-4fc7-a0ce-a5087f6856b9","2025-07-15 09:06:40","33.8061"
"80035","wms_rag_agent","e872f778-d716-400c-a4e0-cc9c8b1feefb","2025-07-15 09:07:03","36.5401"
"80036","wms_rag_agent","2cb97c27-8ba6-4898-b469-adb881d7c57c","2025-07-15 09:07:14","32.965"
"80039","wms_rag_agent","27babc5a-9e14-493d-a59b-b9f76df195d5","2025-07-15 09:07:40","19.1624"
"80041","wms_rag_agent","caf72606-fadd-49c8-a16f-742b9cedc7a8","2025-07-15 09:08:18","29.4432"
"80044","wms_rag_agent","3c13b9cf-468f-468d-b7e9-6eaf5af3853f","2025-07-15 09:08:48","23.6777"
"80046","wms_rag_agent","a8af3cb0-b7e9-4059-8711-2835070b2f2e","2025-07-15 09:08:58","40.4492"
"80049","wms_rag_agent","faf8f5a3-ce19-400b-a9c6-be660b47d680","2025-07-15 09:09:38","30.2119"
"80055","wms_rag_agent","77c66dee-8457-4977-aef6-534578a75b34","2025-07-15 09:09:47","19.6644"
"80056","wms_rag_agent","d51c1a1f-e0f6-4d34-8d0c-01072e45c07c","2025-07-15 09:09:57","22.4364"
"80061","wms_rag_agent","1071cb59-591a-42df-b72d-ff6610a2b577","2025-07-15 09:10:37","33.2717"
"80062","wms_rag_agent","4ad2829b-d46c-4d2c-b0e9-b57f3ee24741","2025-07-15 09:10:48","44.0934"
"80068","wms_rag_agent","5e866a04-1c52-496f-a11d-804debdf3d5f","2025-07-15 09:11:35","22.6311"
"80069","wms_rag_agent","39dbd15f-6f03-4aa3-a5d0-14337fb07fa5","2025-07-15 09:11:35","19.4811"
"80070","wms_rag_agent","9171e678-fc8e-448c-907c-6e880a847b0e","2025-07-15 09:11:36","16.6597"
"80072","wms_rag_agent","7608745e-ddc2-413b-af60-1970a8f77065","2025-07-15 09:11:44","31.4893"
"80077","wms_rag_agent","80051481-7c6f-4b0f-8cdf-a5cc94fcd5c8","2025-07-15 09:12:07","17.9113"
"80078","wms_rag_agent","7df839d7-64c5-4434-8d24-f3343f7bd836","2025-07-15 09:12:07","28.1296"
"80079","wms_rag_agent","51d2bb3a-0f95-4911-847b-648b6e6ddc5b","2025-07-15 09:12:08","32.0607"
"80080","wms_rag_agent","af63f2ce-cd1f-494d-bc44-452dbc7dd790","2025-07-15 09:12:09","56.1889"
"80081","wms_rag_agent","e75fcd67-2309-44f0-81bb-50eacc55c761","2025-07-15 09:12:18","23.6135"
"80082","wms_rag_agent","98b11b21-e159-4655-a3ee-26767848834e","2025-07-15 09:12:38","69.6336"
"80100","wms_rag_agent","1e443db4-790a-437f-b9a8-6d1d915810c0","2025-07-15 09:13:00","34.2094"
"80101","wms_rag_agent","df35ba92-7efa-40f5-84b7-7893d633573c","2025-07-15 09:13:05","48.4688"
"80102","wms_rag_agent","8eabe900-7730-496d-be0d-41d87995f55f","2025-07-15 09:13:06","49.8181"
"80104","wms_rag_agent","951b8445-aba4-4daf-9620-ef52ed777ca7","2025-07-15 09:13:14","57.8189"
"80105","wms_rag_agent","efcccdb0-8405-443b-94f1-bf2dffd9431e","2025-07-15 09:13:15","43.7991"
"80106","wms_rag_agent","5e049a48-1d42-400e-909f-1886bf5a764c","2025-07-15 09:13:15","58.3216"
"80107","wms_rag_agent","4ac6ef11-2b08-4b60-b9ec-621d13b1c07b","2025-07-15 09:13:15","58.866"
"80108","wms_rag_agent","0fb45f4f-847b-4cb1-9c68-5c68c3b1dba9","2025-07-15 09:13:16","59.9801"
"80110","wms_rag_agent","1b7d82cf-83a6-4bfc-a788-9fb7f1b08007","2025-07-15 09:13:19","62.6791"
"80111","wms_rag_agent","b5a5340f-1c51-456f-a4e3-e568ae127a27","2025-07-15 09:13:20","63.319"
"80112","wms_rag_agent","2579cb2c-4653-460e-817a-0595aed0f25c","2025-07-15 09:13:20","63.8964"
"80114","wms_rag_agent","48c6c402-cd25-477f-bd64-01f0fc8067f2","2025-07-15 09:13:21","64.8843"
"80115","wms_rag_agent","072f4a34-a04b-4147-b352-134c09b936c5","2025-07-15 09:13:22","65.0652"
"80116","wms_rag_agent","cb160d1f-7b7d-4441-b6d6-449c70ad7bff","2025-07-15 09:13:31","64.9527"
"80117","wms_rag_agent","fa6c0532-c882-4c47-b471-5a5c819ce964","2025-07-15 09:13:40","36.811"
"80118","wms_rag_agent","ae7af969-8528-493f-9f44-235558489cbe","2025-07-15 09:13:53","44.5533"
"80124","wms_rag_agent","4dd6f9a3-121c-47fe-95e8-75f6730c0fcf","2025-07-15 09:15:15","30.4382"
"80126","wms_rag_agent","c810a27e-34a1-4499-b271-9c267a562665","2025-07-15 09:15:40","69.006"
"80127","wms_rag_agent","f0b2eedb-c530-4e5b-b631-baa605b4f9ec","2025-07-15 09:15:51","47.8172"
"80128","wms_rag_agent","6de1733f-a17b-4f77-a5fe-30a2a11a31fa","2025-07-15 09:16:21","64.5674"
"80130","wms_rag_agent","501d7321-d183-400c-bce5-14ee311748a2","2025-07-15 09:17:16","33.8958"
"80133","wms_rag_agent","04293733-81ef-4a48-b3cc-7661fe494582","2025-07-15 09:17:45","20.3132"
"80135","wms_rag_agent","707a1924-db01-494a-a9a3-858ad3891c71","2025-07-15 09:18:10","28.1411"
"80139","wms_rag_agent","295de954-37b2-49bb-b02a-5dc61db55ba8","2025-07-15 09:18:40","23.9455"
"80140","wms_rag_agent","0e63c3bb-2f69-45e7-aa0b-c5750001c11e","2025-07-15 09:18:41","37.2242"
"80159","wms_rag_agent","45d8abaf-5865-4206-ab63-9a98673103ef","2025-07-15 09:18:59","51.9325"
"80162","wms_rag_agent","8c40f6dc-b17d-46dc-8a26-059462231180","2025-07-15 09:19:12","35.4464"
"80163","wms_rag_agent","fe3352d7-f4f0-42c3-bb51-a9155e3d0c16","2025-07-15 09:19:17","54.639"
"80165","wms_rag_agent","9912d7df-eca0-4caa-b980-52725d43e161","2025-07-15 09:19:18","55.8434"
"80166","wms_rag_agent","89e53efb-a1f0-4230-959b-e62796c8df21","2025-07-15 09:19:18","56.3994"
"80167","wms_rag_agent","651610f4-8803-49da-8b5f-a01a6dea4666","2025-07-15 09:19:19","56.7398"
"80168","wms_rag_agent","1199a99e-d40e-4658-85ec-82652d129154","2025-07-15 09:19:19","56.8997"
"80169","wms_rag_agent","de237b8c-bf23-41fe-b961-9a6ec0fc4f8c","2025-07-15 09:19:20","57.9745"
"80170","wms_rag_agent","908a62d8-b6a3-4387-a534-4cd3892f5778","2025-07-15 09:19:21","58.5815"
"80171","wms_rag_agent","874dd0a3-80d1-449c-aaaf-81ce0caecc88","2025-07-15 09:19:21","59.1192"
"80173","wms_rag_agent","51a21f23-0cfc-4558-8601-3fefcc293de1","2025-07-15 09:19:23","60.6566"
"80174","wms_rag_agent","a376b663-98ae-489f-a8bf-b341bfff70b8","2025-07-15 09:19:23","60.8937"
"80175","wms_rag_agent","e39f1dbb-73e2-4896-ad15-0e9fada4c812","2025-07-15 09:19:24","62.0712"
"80176","wms_rag_agent","c4f3322e-b297-4d8e-a7db-620df9eb3849","2025-07-15 09:19:24","62.2231"
"80177","wms_rag_agent","758dabd7-247f-4b00-92d2-0a704e0fa017","2025-07-15 09:19:25","62.9818"
"80178","wms_rag_agent","0c93a401-751d-4eaa-819f-dbaaa8c1567f","2025-07-15 09:19:36","39.3378"
"80184","wms_rag_agent","a2c04384-5d50-4206-ba95-679b47756511","2025-07-15 09:19:49","42.6342"
"80185","wms_rag_agent","74d9743f-f6f4-40bd-840c-bdd3f5496a13","2025-07-15 09:19:54","21.0882"
"80186","wms_rag_agent","d15afc22-cfac-401f-af35-4942fad7b12f","2025-07-15 09:19:57","32.6594"
"80187","wms_rag_agent","943a10d5-b2c1-46a0-8fe6-6bb856ed4b94","2025-07-15 09:20:00","35.1331"
"80188","wms_rag_agent","d7b7ffbe-0983-4a38-be47-484b1b70473c","2025-07-15 09:20:02","49.61"
"80190","wms_rag_agent","ad7bb7a8-eca5-47f2-a27f-6546a5ce4660","2025-07-15 09:20:20","43.3754"
"80191","wms_rag_agent","ffa931a0-eac4-425d-8567-909b18016153","2025-07-15 09:20:34","27.7047"
"80194","wms_rag_agent","4d39235e-3d4d-4279-a055-aaee62cbb5f7","2025-07-15 09:21:09","21.0936"
"80195","wms_rag_agent","4fe73266-9ee4-4632-b802-4847603cd5a5","2025-07-15 09:21:10","36.16"
"80198","wms_rag_agent","69ec707c-ad82-4b35-b04f-ba69e5db1aca","2025-07-15 09:21:40","46.997"
"80203","wms_rag_agent","6d152948-3023-4cdf-af48-09533cd6389e","2025-07-15 09:22:12","19.0111"
"80205","wms_rag_agent","31b9334a-f55c-439a-9d59-e3dcee7e0617","2025-07-15 09:22:15","25.9902"
"80209","wms_rag_agent","efca8452-c67e-410a-ba1b-57e1a1c33bf1","2025-07-15 09:22:26","12.5512"
"80210","wms_rag_agent","d6f15923-798c-459c-80f7-fd6aa2c40e7a","2025-07-15 09:22:35","31.0076"
"80211","wms_rag_agent","12c7e5c5-7bfb-4237-8efe-198e10467665","2025-07-15 09:22:47","78.6824"
"80214","wms_rag_agent","305ef8a3-b329-4631-84a4-f720ecabe313","2025-07-15 09:23:46","47.5463"
"80215","wms_rag_agent","c57b79c4-8474-44ba-9a17-628138b50bda","2025-07-15 09:23:48","18.5784"
"80218","wms_rag_agent","b778e5fe-46d8-4301-8a6a-15860e1fed97","2025-07-15 09:23:59","18.8248"
"80221","wms_rag_agent","0e1dd334-aa46-4666-80d1-95ffbae51493","2025-07-15 09:24:12","17.6962"
"80225","wms_rag_agent","c12b0cb3-459a-44ce-94a4-9ec5b1d25069","2025-07-15 09:24:47","41.155"
"80228","wms_rag_agent","b2a4a7aa-cb86-4681-85af-6392081161aa","2025-07-15 09:24:58","40.0893"
"80229","wms_rag_agent","6471b7ff-db92-40cd-b3c4-cf9cf32763f0","2025-07-15 09:25:07","24.6079"
"80230","wms_rag_agent","71ce5c4d-e646-4b3f-aa42-bfe00aee4b9b","2025-07-15 09:25:19","32.9717"
"80233","wms_rag_agent","253c3725-ff6b-4bc1-bf10-d2e030c6ce78","2025-07-15 09:26:07","28.8313"
"80236","wms_rag_agent","800cda3f-3d0f-4af5-920e-3e7a688f0288","2025-07-15 09:26:25","15.8355"
"80240","wms_rag_agent","04111289-1a4c-4b87-8004-0892f13b51e6","2025-07-15 09:26:48","64.6468"
"80241","wms_rag_agent","6852b818-a989-41b9-bb6a-e09191e6f89d","2025-07-15 09:26:55","22.1778"
"80242","wms_rag_agent","d16c722c-581f-4a79-85b2-ecd2b53d5bb4","2025-07-15 09:27:03","37.5062"
"80250","wms_rag_agent","7339f6c1-3fd7-4dec-adbd-65f3b5289478","2025-07-15 09:28:16","25.1134"
"80251","wms_rag_agent","7b57e175-5f3c-4f4c-965e-4bc4e71d6a04","2025-07-15 09:28:16","25.6155"
"80253","wms_rag_agent","1929363d-2c88-4852-9679-cc6d5d171dc4","2025-07-15 09:28:20","29.6867"
"80254","wms_rag_agent","1c08ce0f-0c65-43e6-a9a7-e0b123d8066a","2025-07-15 09:28:21","30.5734"
"80256","wms_rag_agent","1b45327b-2b8e-4393-9c12-59beede7d3bd","2025-07-15 09:28:29","126.987"
"80259","wms_rag_agent","61004bff-1cee-42c4-b08e-fdff2c75f43c","2025-07-15 09:28:39","42.5742"
"80260","wms_rag_agent","b7a54390-3f2d-4998-9e35-57e5ba38665a","2025-07-15 09:28:44","22.8881"
"80266","wms_rag_agent","466a4855-5a90-407d-9bfd-0fd02b8a1d59","2025-07-15 09:28:59","45.1288"
"80268","wms_rag_agent","9b518589-c3fa-4448-9ad1-8276e8c20b54","2025-07-15 09:29:10","25.8369"
"80269","wms_rag_agent","b834607e-0d7b-42ed-a72f-6605098cb7ed","2025-07-15 09:29:11","17.9719"
"80270","wms_rag_agent","b5e7232c-ba86-4ca1-8d0e-70bfda25fb78","2025-07-15 09:29:16","36.9198"
"80271","wms_rag_agent","121f946e-c624-4df4-a9f1-09e4b42d862d","2025-07-15 09:29:20","46.7584"
"80277","wms_rag_agent","1ab3e2a0-2ae2-447b-ad2f-d375e8a70ff1","2025-07-15 09:30:00","23.0228"
"80279","wms_rag_agent","35e17f34-fe81-4c99-ae2c-e7a3e69c1027","2025-07-15 09:30:02","19.322"
"80282","wms_rag_agent","c8ec3596-6b00-4b57-8704-12ac14655038","2025-07-15 09:30:17","23.7066"
"80283","wms_rag_agent","cc0ccbbf-4512-4b7a-b398-28ac302ab405","2025-07-15 09:30:34","58.3653"
"80285","wms_rag_agent","4d55cf4b-f933-4c72-946e-04bde714eeab","2025-07-15 09:30:40","59.4823"
"80287","wms_rag_agent","5140e466-ac5b-4969-bfbd-0be8231069e0","2025-07-15 09:30:51","21.1214"
"80291","wms_rag_agent","c51d7af1-6aa8-4eda-8b2f-e5624854fb2d","2025-07-15 09:31:21","27.6518"
"80293","wms_rag_agent","5da48047-e6fc-4b66-8842-74c1aba3414a","2025-07-15 09:31:26","61.3243"
"80294","wms_rag_agent","5e4a8538-4a60-4b63-bf05-e03f8393647e","2025-07-15 09:31:32","33.2835"
"80295","wms_rag_agent","4652f5b2-8168-45d8-a1de-3e151bc7a303","2025-07-15 09:31:40","27.3221"
"80298","wms_rag_agent","2be56b8e-080f-4c69-ab23-5ffc65096c36","2025-07-15 09:32:14","21.7018"
"80299","wms_rag_agent","3b3e7a1f-50ac-4b3a-9bac-3d48aba24412","2025-07-15 09:32:37","41.9348"
"80303","wms_rag_agent","0676aca7-0604-443d-a492-08f9c0df2501","2025-07-15 09:33:33","26.1698"
"80306","wms_rag_agent","a41d4d69-08e1-4ed3-b4bc-a45c9316b163","2025-07-15 09:33:45","37.6738"
"80308","wms_rag_agent","3c7fed2d-c552-4ae6-949d-abc0b01e11e4","2025-07-15 09:34:04","35.8565"
"80312","wms_rag_agent","eb4032dc-1f29-441c-858d-f82362208337","2025-07-15 09:34:22","37.5826"
"80313","wms_rag_agent","8742ca2a-8c1b-46eb-b590-047a7bb150a2","2025-07-15 09:34:23","28.3194"
"80315","wms_rag_agent","151f1d57-586d-4252-8fda-20cab3220197","2025-07-15 09:34:35","13.2929"
"80316","wms_rag_agent","bb4a87ed-8ea9-465c-90b2-6662f5fc0fc3","2025-07-15 09:34:45","32.0802"
"80319","wms_rag_agent","079d88d2-b66a-4af9-87c1-4f279959f1c2","2025-07-15 09:35:03","52.7376"
"80329","wms_rag_agent","b4bb3485-7bab-4aad-a26f-6e7a1890546e","2025-07-15 09:35:27","27.6686"
"80330","wms_rag_agent","c64d86f8-aa94-4bbe-959a-39e99df367b2","2025-07-15 09:35:27","28.3197"
"80331","wms_rag_agent","8f4fcbf3-431f-438a-8d38-f3ce24433b20","2025-07-15 09:35:28","28.4576"
"80332","wms_rag_agent","c9b349e1-2a77-4a20-9bc7-6b22c9eb878c","2025-07-15 09:35:30","30.718"
"80333","wms_rag_agent","3637062d-78d7-4d95-93bf-6328282a044a","2025-07-15 09:35:30","30.8089"
"80336","wms_rag_agent","20e44afa-67ec-4f61-a89e-d1d995f6490e","2025-07-15 09:36:03","21.0267"
"80342","wms_rag_agent","14cf5412-dcf9-4a7e-8aa6-006514b57018","2025-07-15 09:36:22","31.6854"
"80343","wms_rag_agent","44b05592-80e5-46f1-9816-7ce446d04959","2025-07-15 09:36:26","19.7703"
"80347","wms_rag_agent","68edcfe8-9b32-4745-9f6e-90acda025623","2025-07-15 09:36:41","43.1851"
"80348","wms_rag_agent","0d8260f4-6f89-4f5d-8f7a-dd9911c14f59","2025-07-15 09:36:45","37.4323"
"80352","wms_rag_agent","12e73259-f017-42ea-bc96-dd4770857501","2025-07-15 09:36:48","40.2695"
"80353","wms_rag_agent","b9337418-d720-4a6f-95ae-f628da15637e","2025-07-15 09:37:03","34.822"
"80354","wms_rag_agent","982f7944-3c00-4b30-a138-d980d7b0ed24","2025-07-15 09:37:10","47.5515"
"80355","wms_rag_agent","5fe1f440-6900-4988-bb07-f031b97c9ee3","2025-07-15 09:37:10","47.7"
"80360","wms_rag_agent","d41ec067-5ed2-42e9-9bd7-bf01bad3024d","2025-07-15 09:37:18","39.9446"
"80362","wms_rag_agent","a5d5bd29-c25b-4b5b-8279-503e08975f2c","2025-07-15 09:37:28","33.7485"
"80364","wms_rag_agent","9bafc629-e7a8-4a16-aa1b-91f394bed306","2025-07-15 09:37:30","35.5826"
"80365","wms_rag_agent","c3e215a7-f7d1-49b7-b493-f871d7808b19","2025-07-15 09:37:30","27.6634"
"80366","wms_rag_agent","9259fb19-f860-48c1-996a-e705c026e5b8","2025-07-15 09:37:31","53.4832"
"80367","wms_rag_agent","6228cee7-0736-4403-abb2-16da9e143d2c","2025-07-15 09:37:38","31.5089"
"80369","wms_rag_agent","5e559145-ee94-4387-bd7c-1a8fbc1d8997","2025-07-15 09:37:51","51.378"
"80370","wms_rag_agent","c0d3c2da-df3d-4d97-8c2f-926dbcb5929b","2025-07-15 09:38:06","24.0609"
"80372","wms_rag_agent","7d3d5308-527c-40b2-b7a7-144637357d40","2025-07-15 09:38:13","187.677"
"80375","wms_rag_agent","789fc221-c497-4357-b515-1485f3a85e17","2025-07-15 09:38:27","328.083"
"80378","wms_rag_agent","4f0a00ee-927e-46b6-89ad-998e96050ef1","2025-07-15 09:38:38","29.8304"
"80379","wms_rag_agent","3289cfb2-8b6a-4665-a040-9afe635c4612","2025-07-15 09:38:43","23.9505"
"80391","wms_rag_agent","a908099d-bbef-40ee-a634-60a235aa4eaa","2025-07-15 09:39:35","54.4327"
"80394","wms_rag_agent","ff6f119b-f07b-49e2-a1d5-575a9404f24a","2025-07-15 09:39:40","30.3058"
"80395","wms_rag_agent","a5aa3562-f5a7-48b2-aa7e-51a8978d51c9","2025-07-15 09:39:42","62.0169"
"80396","wms_rag_agent","48a1658e-302c-409c-8cf9-896a23e0cb5e","2025-07-15 09:39:43","19.6253"
"80399","wms_rag_agent","beae444d-7ec4-4959-acb0-a62fb1c9152c","2025-07-15 09:39:51","24.5628"
"80401","wms_rag_agent","06f8feb4-8295-4981-a3d3-ed927c615707","2025-07-15 09:39:54","33.7224"
"80403","wms_rag_agent","a74ca037-7081-4ab0-bb68-3c35fad3cb50","2025-07-15 09:39:58","37.8349"
"80405","wms_rag_agent","9c87ef69-c9f3-4ca1-84c9-1531229f1e49","2025-07-15 09:40:23","34.7782"
"80406","wms_rag_agent","e56d1187-418a-4327-b0b7-ab5a53babf98","2025-07-15 09:40:28","49.9562"
"80408","wms_rag_agent","48f08752-3e18-4621-822e-d699be8ec3fc","2025-07-15 09:40:41","38.8349"
"80412","wms_rag_agent","ba261661-1d2e-439e-a82e-d8d0a7e4852b","2025-07-15 09:40:50","28.3041"
"80417","wms_rag_agent","40c2c86a-d024-42e1-bd4a-3d1269de60fd","2025-07-15 09:41:03","28.1595"
"80419","wms_rag_agent","c7f4a5d2-cf71-4d55-8038-be700f08f851","2025-07-15 09:41:08","35.7036"
"80420","wms_rag_agent","c2885c1c-5ff5-49d9-8e13-da21301c7705","2025-07-15 09:41:15","28.039"
"80421","wms_rag_agent","089d6ebb-4a4e-4c62-b408-e120e8ade2a3","2025-07-15 09:41:17","17.6798"
"80423","wms_rag_agent","d92fe312-90ff-42a1-b980-d45f924a6479","2025-07-15 09:41:22","38.4054"
"80424","wms_rag_agent","518dac70-21f2-40af-ac10-680b1ad1e283","2025-07-15 09:41:28","18.4936"
"80425","wms_rag_agent","50db14c0-a3c3-4f59-bdc2-ca7ba496b801","2025-07-15 09:41:49","71.2908"
"80426","wms_rag_agent","5639034c-61d1-4728-9e49-92adf21bd1d5","2025-07-15 09:41:49","39.0966"
"80450","wms_rag_agent","109204e8-5f45-423e-8736-d8675ad92cde","2025-07-15 09:42:52","43.4233"
"80451","wms_rag_agent","b2bc857c-b1a5-40dd-8c7c-d81502c504e7","2025-07-15 09:42:53","44.0974"
"80452","wms_rag_agent","cb4b89a5-3fcd-4be1-b038-be1fca811c70","2025-07-15 09:42:54","45.6032"
"80453","wms_rag_agent","4a3e50cc-576a-4c1f-ba38-6369dec488d7","2025-07-15 09:42:55","46.6004"
"80454","wms_rag_agent","de8d55b6-5e06-410c-9e21-2c8dc2286b04","2025-07-15 09:42:56","47.6731"
"80455","wms_rag_agent","c8dfe1b3-eced-4c8a-8cdb-b0755d8f5f85","2025-07-15 09:42:57","48.4302"
"80456","wms_rag_agent","4afcc6eb-919d-48a5-956c-5e8a9c224caa","2025-07-15 09:42:57","48.4504"
"80457","wms_rag_agent","7f3a9ca5-9b99-490a-8e12-b0ed67d2aa95","2025-07-15 09:42:58","49.507"
"80458","wms_rag_agent","fdc6eb08-af78-4cdd-8553-bd69e59fd024","2025-07-15 09:42:59","49.8559"
"80459","wms_rag_agent","bca9e0f1-9aeb-4e52-ac4a-8e0ee319fed4","2025-07-15 09:42:59","50.3609"
"80460","wms_rag_agent","a66c2e31-dd87-46cf-be8a-0d8854a6d089","2025-07-15 09:43:00","38.4343"
"80461","wms_rag_agent","07b515d5-be13-40dc-abba-f50c8962a39a","2025-07-15 09:43:00","51.7066"
"80462","wms_rag_agent","0f58bff9-068f-4eea-bc4e-7119cf7268d3","2025-07-15 09:43:01","51.8635"
"80463","wms_rag_agent","b41e97ca-b253-4b3b-a349-59750ed62616","2025-07-15 09:43:01","52.4884"
"80464","wms_rag_agent","6f162de3-ec1a-4995-a3f3-ebb88bce11f8","2025-07-15 09:43:05","56.5292"
"80465","wms_rag_agent","a523eedd-bc71-40d2-b1c4-9fa5425522f0","2025-07-15 09:43:05","56.8115"
"80469","wms_rag_agent","303b8290-5a77-47c6-a68c-241307a0c88a","2025-07-15 09:43:36","23.8251"
"80472","wms_rag_agent","1577e863-75c3-4e11-a20f-dfc9f4a4b79b","2025-07-15 09:44:01","41.3888"
"80473","wms_rag_agent","4e9b63fd-a6e6-4d57-983e-b613a00c3de5","2025-07-15 09:44:04","55.4305"
"80474","wms_rag_agent","1fcb0f81-bd57-4e57-ac82-f74b7c623d7b","2025-07-15 09:44:11","41.67"
"80504","wms_rag_agent","61af89b8-13cc-4a2a-8d70-97c0c27d2842","2025-07-15 09:44:35","43.7827"
"80505","wms_rag_agent","ad14f33a-9e7a-4b35-9cbd-d0401ca609d2","2025-07-15 09:44:38","53.0589"
"80507","wms_rag_agent","ef818b20-323e-4713-809a-326837021d05","2025-07-15 09:44:42","53.6299"
"80508","wms_rag_agent","5a81a727-566b-4492-9f49-ed6284508ea0","2025-07-15 09:44:44","66.0028"
"80509","wms_rag_agent","ba838fbd-bb30-48c6-a023-e85a3df6a7bc","2025-07-15 09:44:45","66.8537"
"80511","wms_rag_agent","bf56c615-6019-4e00-814f-c2dcc049450c","2025-07-15 09:44:47","69.0344"
"80512","wms_rag_agent","0c5d11f9-087c-401f-80c5-d06171401ba7","2025-07-15 09:44:49","71.1827"
"80513","wms_rag_agent","ce436742-bded-4944-b098-f40a3110766e","2025-07-15 09:44:51","73.3519"
"80514","wms_rag_agent","e802b66b-25cb-492e-9128-84e3eab274a7","2025-07-15 09:44:54","76.2599"
"80515","wms_rag_agent","70d62401-5603-4bb2-892e-147de4c2bcd8","2025-07-15 09:44:55","77.0431"
"80516","wms_rag_agent","f89f8a0d-3650-4245-a811-d6336b38fc89","2025-07-15 09:44:57","78.5938"
"80517","wms_rag_agent","e0e25942-a7fc-4944-9268-952a8b723855","2025-07-15 09:44:58","80.2804"
"80518","wms_rag_agent","b172a58a-f661-4981-bf29-a98214a9cb72","2025-07-15 09:44:59","80.6371"
"80519","wms_rag_agent","4ac78cee-4dea-4bcb-b748-9a67b0f151bb","2025-07-15 09:44:59","80.8097"
"80520","wms_rag_agent","5d8f4a49-583e-402a-a718-5f4dcbd24527","2025-07-15 09:45:00","82.2078"
"80521","wms_rag_agent","cf1eec05-2e39-41de-bc51-2183bdbde921","2025-07-15 09:45:00","82.4613"
"80522","wms_rag_agent","aebaf5d3-3fb2-4b5f-b6c1-1e55b77c8844","2025-07-15 09:45:02","83.6133"
"80523","wms_rag_agent","682a3219-1b1b-4162-a649-d23748a7a482","2025-07-15 09:45:03","85.3683"
"80524","wms_rag_agent","6dc7f35d-4d4e-46be-ad29-aeca38a47ef9","2025-07-15 09:45:04","85.9892"
"80525","wms_rag_agent","d469a7d9-f270-43cc-9921-b954ce8b3ee6","2025-07-15 09:45:05","87.238"
"80526","wms_rag_agent","a8876f13-67d0-4dc9-a72f-559465475345","2025-07-15 09:45:06","87.6768"
"80527","wms_rag_agent","026a8797-7e5d-49cc-9cb4-6e29df43b154","2025-07-15 09:45:06","87.78"
"80528","wms_rag_agent","e6980caa-f6df-4c8e-8578-12d9f61462bd","2025-07-15 09:45:06","88.1403"
"80529","wms_rag_agent","a7e82eaa-afdc-4b25-a670-2c429822788a","2025-07-15 09:45:07","89.1389"
"80530","wms_rag_agent","8c55a0d6-a5a5-4235-a297-5d182cf54537","2025-07-15 09:45:13","94.55"
"80531","wms_rag_agent","1c297a40-2988-420e-a1e2-3ce383e2bff7","2025-07-15 09:45:13","95.3834"
"80532","wms_rag_agent","6633da1a-7521-402f-939b-b5f7b9186c77","2025-07-15 09:45:16","98.2336"
"80534","wms_rag_agent","c66d541b-f122-4c92-a600-ac4d1913a41b","2025-07-15 09:45:22","103.764"
"80538","wms_rag_agent","14c9c947-9c53-488a-b20c-11c892c06439","2025-07-15 09:45:30","15.0077"
"80540","wms_rag_agent","2a271fb6-c561-4e20-aeab-3db1e452ccd0","2025-07-15 09:45:39","27.1105"
"80541","wms_rag_agent","194c2093-e091-4838-9fbd-5fe20d69f317","2025-07-15 09:45:47","37.5102"
"80545","wms_rag_agent","76f84248-0cad-4fe3-bb1a-f2cd5b4e5925","2025-07-15 09:45:54","26.9944"
"80546","wms_rag_agent","dc3fa846-96c5-4f40-aee6-7aaf8dbb5fc9","2025-07-15 09:45:55","78.0789"
"80553","wms_rag_agent","14eff142-73fa-4111-86de-0e63e764ca1a","2025-07-15 09:46:17","19.4263"
"80554","wms_rag_agent","04ac4df9-83e5-4385-8d9f-631a678cf9b6","2025-07-15 09:46:18","38.5397"
"80555","wms_rag_agent","5bd258f1-4ec7-4ab2-990c-473337091745","2025-07-15 09:46:23","29.4359"
"80556","wms_rag_agent","3baec06d-b5af-47b4-8671-701caf21af90","2025-07-15 09:46:23","109.095"
"80559","wms_rag_agent","fdc982e8-e1f8-4a05-9081-a5c3ffd4c2cd","2025-07-15 09:46:39","54.688"
"80564","wms_rag_agent","3750890c-2b86-48b5-b9c6-2e57c66c88ee","2025-07-15 09:47:02","26.9254"
"80566","wms_rag_agent","2dc3ec0d-1f6b-4437-a9f3-daf8d51d28e2","2025-07-15 09:47:10","85.7486"
"80567","wms_rag_agent","eaf9eda1-f6cc-4f10-a2b8-762b949aa49e","2025-07-15 09:47:16","49.3381"
"80574","wms_rag_agent","72a3b5cf-7560-4957-ba9a-11ef7fdc8dd9","2025-07-15 09:47:40","18.4553"
"80575","wms_rag_agent","6b20fe77-9f9e-4a0c-b92b-ce24a1d753c5","2025-07-15 09:47:41","31.4517"
"80576","wms_rag_agent","b283febf-be6a-473d-9c06-bd50ea2d7de5","2025-07-15 09:47:43","43.6832"
"80577","wms_rag_agent","2417f442-bbef-42f6-8973-6437d3637398","2025-07-15 09:47:44","36.9053"
"80578","wms_rag_agent","a010f88b-bc3b-4a3e-adf5-15202a7e3ef4","2025-07-15 09:47:52","26.2696"
"80584","wms_rag_agent","495cb16c-f5a1-4cd1-92ee-94ec13e5856b","2025-07-15 09:48:29","29.4417"
"80586","wms_rag_agent","9846a0c6-5c55-4294-9a5c-8c6b3ee6aa0c","2025-07-15 09:48:45","32.5777"
"80589","wms_rag_agent","8db79a72-71df-4811-8fb5-c16adea41830","2025-07-15 09:48:47","34.2269"
"80590","wms_rag_agent","9a0c2b44-03fe-4d58-818b-bad88e9ce493","2025-07-15 09:48:50","31.7337"
"80592","wms_rag_agent","193048d3-d99b-4428-9a14-c5e2b6a3d4ea","2025-07-15 09:48:55","147.998"
"80594","wms_rag_agent","067394ef-dc7f-4f9a-a7ce-6d600ded656c","2025-07-15 09:49:03","31.5907"
"80596","wms_rag_agent","c8325b82-3a54-418a-a419-a6838bb1e5e3","2025-07-15 09:49:18","40.9895"
"80600","wms_rag_agent","e0811554-fec6-47f8-bb5b-dbc7c3596ee5","2025-07-15 09:49:34","355.7"
"80601","wms_rag_agent","6a1c88d6-e0e9-40e4-a834-b2737262550f","2025-07-15 09:49:50","29.2181"
"80603","wms_rag_agent","97619824-e87d-4c57-a06a-087b76401e8e","2025-07-15 09:49:53","41.6099"
"80604","wms_rag_agent","3f077286-122a-45c8-ad63-8161626be470","2025-07-15 09:49:57","35.7912"
"80605","wms_rag_agent","489d054d-6fbd-4a0c-8233-b478fb43cdeb","2025-07-15 09:50:02","28.0817"
"80606","wms_rag_agent","2a9ab650-4d04-4655-a600-6aa4285554cf","2025-07-15 09:50:09","26.7016"
"80612","wms_rag_agent","d9fce02e-78a3-4a99-bc0e-bed4ac3c38c4","2025-07-15 09:51:24","46.5367"
"80614","wms_rag_agent","d37dbf9f-1363-4878-be2a-ceb3940fda32","2025-07-15 09:51:33","38.5523"
"80615","wms_rag_agent","cc140bcb-0338-4ac7-b2b0-5610c8267ae0","2025-07-15 09:51:37","80.3411"
"80621","wms_rag_agent","c1c2a357-3fee-4169-b8a0-0597a1d0ea47","2025-07-15 09:52:11","24.6278"
"80622","wms_rag_agent","77ee867c-4c18-4ccd-8810-939021e4242e","2025-07-15 09:52:14","34.589"
"80625","wms_rag_agent","db50a044-57d9-400e-a56c-96881b944757","2025-07-15 09:52:14","35.2497"
"80629","wms_rag_agent","1414cff8-0ec4-47d8-9342-0fb112998180","2025-07-15 09:52:19","37.0482"
"80631","wms_rag_agent","8cc3007b-d804-4763-8fc6-4637339a489c","2025-07-15 09:52:28","26.454"
"80634","wms_rag_agent","fc8965c6-0c04-452c-91de-2e11fec384d9","2025-07-15 09:52:50","41.2175"
"80636","wms_rag_agent","ce04f54f-48ad-4474-b814-16e5f90d1da6","2025-07-15 09:53:01","38.439"
"80637","wms_rag_agent","c40a9eba-0f79-48c8-8774-521272c9c299","2025-07-15 09:53:03","18.1227"
"80638","wms_rag_agent","7681fd2a-79f3-468a-b2b2-04ca291a5c06","2025-07-15 09:53:10","42.6626"
"80643","wms_rag_agent","cd5b11fa-0292-4a0f-92ef-7fe217f3d22d","2025-07-15 09:53:21","19.5149"
"80648","wms_rag_agent","92984229-1a2d-4caa-bebb-9f9f85fe44f0","2025-07-15 09:53:55","34.9459"
"80651","wms_rag_agent","bf477152-a47e-4c60-a5ea-d8f6c5722ca9","2025-07-15 09:54:10","36.0032"
"80652","wms_rag_agent","4735c2f1-364b-4f4c-b1a1-daa90b851ed5","2025-07-15 09:54:11","45.8499"
"80653","wms_rag_agent","d99b63a4-965f-44b7-be63-c998231d6188","2025-07-15 09:54:16","28.6788"
"80661","wms_rag_agent","b57063c3-c109-4f74-9996-3c1d7bc8223a","2025-07-15 09:54:39","18.5227"
"80662","wms_rag_agent","432c46d6-4733-42e2-97f6-638cffc6f844","2025-07-15 09:54:48","23.2047"
"80665","wms_rag_agent","b35695d4-4b2c-4706-9964-9e9b65a41fed","2025-07-15 09:54:57","42.2491"
"80666","wms_rag_agent","01db532e-656b-4520-a771-d465fa1e40d4","2025-07-15 09:54:58","42.9149"
"80667","wms_rag_agent","0eec595a-000b-4552-bf6d-10437bf324ac","2025-07-15 09:55:01","33.5778"
"80668","wms_rag_agent","0613e1ca-bdf9-4d35-ab9f-3c978d5e4a36","2025-07-15 09:55:02","46.6085"
"80669","wms_rag_agent","a06008b9-36cf-4648-9954-27340b6645e8","2025-07-15 09:55:14","30.6054"
"80672","wms_rag_agent","628715e1-79c6-4a96-816c-c5ff3ebd57c0","2025-07-15 09:55:22","42.2628"
"80675","wms_rag_agent","746ad2bf-e23c-4d55-aa8c-8503c2b9e4e4","2025-07-15 09:55:46","35.7733"
"80678","wms_rag_agent","83dd73bc-d64e-4d13-be91-731703c5cb99","2025-07-15 09:55:53","98.2729"
"80679","wms_rag_agent","5cb02fbf-ed0b-4eff-b906-ec971fb5bc91","2025-07-15 09:56:00","49.2609"
"80681","wms_rag_agent","aebcdacc-c8e1-452c-9bcc-849f8e871fb0","2025-07-15 09:56:04","32.5859"
"80688","wms_rag_agent","703b1217-b8de-4cf0-88a5-115de4fd8b20","2025-07-15 09:56:42","24.318"
"80689","wms_rag_agent","d75c926e-8cd9-481c-90ab-66540f6954a8","2025-07-15 09:56:42","24.5703"
"80690","wms_rag_agent","33d17feb-b88d-46de-894b-231466c6485e","2025-07-15 09:56:45","27.1113"
"80693","wms_rag_agent","5663996a-2a61-4045-a1ba-d462a19172f1","2025-07-15 09:56:52","22.6701"
"80694","wms_rag_agent","076c1397-0d68-4680-9e73-e32f00f1b859","2025-07-15 09:57:01","37.3981"
"80696","wms_rag_agent","3be58ef4-98b1-43d0-b69c-aa576ef3771e","2025-07-15 09:57:03","42.3473"
"80697","wms_rag_agent","908ae6c0-0979-4aeb-a413-632ab01b2aec","2025-07-15 09:57:09","16.3516"
"80698","wms_rag_agent","4d2f4b8a-d08e-4d48-8f20-305a4720c448","2025-07-15 09:57:10","95.6229"
"80703","wms_rag_agent","3af3ad85-5554-49a2-9c93-f6e4a4cd32f9","2025-07-15 09:57:35","24.3667"
"80704","wms_rag_agent","ed78d470-b003-44e0-9176-0beb248b9e34","2025-07-15 09:57:36","25.0541"
"80706","wms_rag_agent","3f5dec50-6ee1-4b03-9ced-a201b7669275","2025-07-15 09:57:38","25.0467"
"80708","wms_rag_agent","0916d4cc-828a-4260-8fcb-ad062a8f3512","2025-07-15 09:57:52","24.4249"
"80709","wms_rag_agent","795ecb15-0ed8-4f12-836a-af8557e401e7","2025-07-15 09:57:53","22.091"
"80711","wms_rag_agent","8afb9dda-c060-4827-9ed9-fcd8dc250f28","2025-07-15 09:58:16","55.4069"
"80713","wms_rag_agent","3b0639f8-8936-46d9-be66-1fe7ee58ac1a","2025-07-15 09:58:19","30.0069"
"80715","wms_rag_agent","d6978295-052c-4377-be05-c9675b86ccd3","2025-07-15 09:58:29","17.0869"
"80723","wms_rag_agent","844e8b74-d516-4879-8f1a-285fa54705e7","2025-07-15 09:58:53","32.0312"
"80724","wms_rag_agent","bf0a4c79-cec5-48fe-8e7d-2326a27f2a53","2025-07-15 09:58:53","32.3342"
"80725","wms_rag_agent","6b71723f-75aa-430e-98c6-4b2a571ef3ed","2025-07-15 09:58:54","30.2268"
"80729","wms_rag_agent","7d32b24f-a326-4dc5-a4b1-847925c636b2","2025-07-15 09:59:02","32.3203"
"80730","wms_rag_agent","24535b8b-4639-4d4e-886a-4296e8c94831","2025-07-15 09:59:06","57.736"
"80731","wms_rag_agent","91347a07-d56e-48fb-b64c-7ff47bc67b8d","2025-07-15 09:59:13","30.1144"
"80735","wms_rag_agent","73c81d67-d8bf-48e9-a745-211996fc13f8","2025-07-15 09:59:24","18.3157"
"80737","wms_rag_agent","25dfe51b-b5a7-476b-b220-3c5c33ed3ea1","2025-07-15 09:59:34","42.032"
"80738","wms_rag_agent","a420b8a8-5b8e-4ac4-94b3-414c79384744","2025-07-15 09:59:35","55.053"
"80739","wms_rag_agent","d4f395ee-8ad8-41e2-8ab9-4716325c3f63","2025-07-15 09:59:36","32.9643"
"80740","wms_rag_agent","f288f54d-ad20-4712-90f9-e6262c676c97","2025-07-15 09:59:37","47.1551"
"80741","wms_rag_agent","fd3a30c6-0b8f-4e47-b250-fd31bbd6f192","2025-07-15 09:59:39","26.7437"
"80742","wms_rag_agent","c75e2a63-e8a4-4564-aaa5-aaca09466b89","2025-07-15 09:59:43","20.6602"
"80748","wms_rag_agent","bc21567f-0e77-4149-96be-f2ea1e530525","2025-07-15 10:00:18","27.9738"
"80756","wms_rag_agent","48272969-d3cf-471f-aded-ad360bfbb035","2025-07-15 10:00:45","49.3293"
"80757","wms_rag_agent","f07a2ae5-f918-4b36-887a-d457ee1e198c","2025-07-15 10:00:48","24.1168"
"80758","wms_rag_agent","9a3b9ece-e081-4b60-992d-1d0084d3f4d4","2025-07-15 10:00:50","40.5304"
"80763","wms_rag_agent","b391a37d-d1ab-45a4-8634-7a195a3ca5db","2025-07-15 10:01:00","30.2633"
"80764","wms_rag_agent","b167e7d6-9e05-427c-a730-84dcbee4004c","2025-07-15 10:01:09","20.8243"
"80765","wms_rag_agent","8f9c2ea9-5a0f-4788-ba26-9915bb4f643e","2025-07-15 10:01:11","53.051"
"80766","wms_rag_agent","5b5e9511-67c2-479f-9cbd-cac60ca25f71","2025-07-15 10:01:14","36.0399"
"80767","wms_rag_agent","3050241a-154c-44fd-ba5c-a3cb0bb7ee04","2025-07-15 10:01:19","61.2953"
"80775","wms_rag_agent","2d9ea9c4-453f-49cc-869b-c0b728473446","2025-07-15 10:02:04","39.5298"
"80776","wms_rag_agent","f8f86cca-611e-411b-84df-13db107d1dc8","2025-07-15 10:02:10","54.7165"
"80778","wms_rag_agent","3bcfcd21-fd55-4f94-beae-a5a972a7e747","2025-07-15 10:02:12","37.6467"
"80779","wms_rag_agent","acfb3fc0-1d8f-4029-a25c-63df9980d5dd","2025-07-15 10:02:18","34.782"
"80780","wms_rag_agent","bb2b1f4e-eb7e-42be-a617-b45fb264c915","2025-07-15 10:02:18","47.5257"
"80785","wms_rag_agent","a1706fe9-e92e-4c05-a329-e4cc4994319c","2025-07-15 10:02:48","25.1653"
"80786","wms_rag_agent","373a43c7-c695-4c2d-8afb-ac3ca5b2d386","2025-07-15 10:02:49","24.5534"
"80792","wms_rag_agent","952434b3-2671-4547-96d2-8214e2f17bb1","2025-07-15 10:03:09","40.8826"
"80793","wms_rag_agent","cb971ce1-afe8-49cf-9391-9368cbd2a77f","2025-07-15 10:03:11","19.1627"
"80794","wms_rag_agent","6a85eb3a-bebe-4408-ad55-1639e88bad46","2025-07-15 10:03:16","33.0487"
"80797","wms_rag_agent","0c91bbcf-205b-4adb-83df-baa7720ddad8","2025-07-15 10:03:21","32.8707"
"80798","wms_rag_agent","d00b600d-09ba-4111-8f61-d1802903221e","2025-07-15 10:03:24","35.2221"
"80799","wms_rag_agent","73772bf4-6be8-41dd-a047-c68ff49b3673","2025-07-15 10:03:29","108.754"
"80800","wms_rag_agent","2525fd60-d998-4f56-b1ba-933856f36b78","2025-07-15 10:03:34","24.7191"
"80801","wms_rag_agent","81e70e57-96c3-41d1-a766-0b0327614602","2025-07-15 10:03:38","25.5746"
"80805","wms_rag_agent","e9cd191f-e777-4234-809b-a0c9188960a5","2025-07-15 10:04:10","37.2033"
"80808","wms_rag_agent","b7ddc43c-4c53-41dd-93b6-9e1333f4ba3c","2025-07-15 10:04:30","33.2159"
"80810","wms_rag_agent","b3b0f4ba-62ab-44e1-a815-c5dc0751aea9","2025-07-15 10:04:46","34.0914"
"80813","wms_rag_agent","bca50d30-a9ce-442f-a56b-0be0df4f8019","2025-07-15 10:04:51","23.1781"
"80821","wms_rag_agent","908ec44e-4866-4636-a202-8c78ea1b24af","2025-07-15 10:05:16","36.0767"
"80822","wms_rag_agent","ad794635-20ff-4750-b1fd-5d337ce2e598","2025-07-15 10:05:23","47.1278"
"80823","wms_rag_agent","f3162346-37f2-44e7-9f8b-f9857d31b9b6","2025-07-15 10:05:33","37.1539"
"80824","wms_rag_agent","dbf0dc8b-4adc-4fea-b57c-365c48d59aab","2025-07-15 10:05:36","45.8625"
"80825","wms_rag_agent","7401f880-9298-4886-bb96-222abca1ddf6","2025-07-15 10:05:37","32.0532"
"80828","wms_rag_agent","d278d9f6-babe-4dee-bbfc-23c191b4cc21","2025-07-15 10:05:45","41.9227"
"80830","wms_rag_agent","fe79b013-39ab-4b47-995e-218172c12a1e","2025-07-15 10:05:49","21.3479"
"80832","wms_rag_agent","bfc84f37-9f5e-41b4-a337-0891a669d41a","2025-07-15 10:06:01","19.0423"
"80834","wms_rag_agent","e36ab573-2d5d-4c54-9686-4ce1a193292f","2025-07-15 10:06:05","36.1954"
"80837","wms_rag_agent","4c0a8b26-67ec-4ffa-bd87-644b025993d1","2025-07-15 10:06:14","72.5775"
"80838","wms_rag_agent","7a2bcce7-6f01-4641-8c96-fd573d911b2c","2025-07-15 10:06:15","13.0153"
"80840","wms_rag_agent","9b14fd37-fe9e-46b8-8315-35b16bc0e945","2025-07-15 10:06:18","39.9537"
"80843","wms_rag_agent","93286cdf-e3a1-4ace-b606-1616c59e8aca","2025-07-15 10:06:23","76.4344"
"80846","wms_rag_agent","b2d2c7c9-3353-4868-b6f6-7eabdbeff58f","2025-07-15 10:06:31","25.5869"
"80847","wms_rag_agent","e6721ec4-9da7-40d3-8314-51add24217b8","2025-07-15 10:06:46","29.7709"
"80848","wms_rag_agent","650d772f-5f81-4182-add3-a0e67f6e4b1a","2025-07-15 10:06:50","40.4195"
"80850","wms_rag_agent","89c7928c-e5c0-4317-9ce8-ef56395394bd","2025-07-15 10:06:54","41.0393"
"80856","wms_rag_agent","6c0c61fc-59f7-4de4-9f8e-3915ce40275c","2025-07-15 10:07:05","28.3126"
"80857","wms_rag_agent","1acfc15d-39da-4bbf-a2b8-fa1575aaa949","2025-07-15 10:07:06","24.9512"
"80858","wms_rag_agent","78c3d5e7-2f9b-4cd3-be00-69d59a760081","2025-07-15 10:07:13","29.4516"
"80863","wms_rag_agent","4d35fb74-eca4-452e-a812-7a26d469448e","2025-07-15 10:07:22","41.2775"
"80864","wms_rag_agent","f3bb3689-8dc1-4afc-b4df-d4cad86460f0","2025-07-15 10:07:25","40.7945"
"80868","wms_rag_agent","87a6bcec-ded1-40a7-af03-988269af766b","2025-07-15 10:07:33","51.8668"
"80870","wms_rag_agent","fd749eb9-1d46-4914-9c85-d8bf011aac16","2025-07-15 10:07:39","21.323"
"80871","wms_rag_agent","980b2107-6179-4369-b65e-1d9e5ad633ae","2025-07-15 10:07:40","33.0576"
"80872","wms_rag_agent","f975cac8-d766-41ca-b052-2b00b5fa2cfd","2025-07-15 10:07:40","58.7656"
"80873","wms_rag_agent","b474f906-b879-4fa0-b69b-548f01e8d448","2025-07-15 10:07:45","38.4496"
"80875","wms_rag_agent","57ed467b-7a5c-48f7-a44d-092bd6155339","2025-07-15 10:08:07","60.1073"
"80876","wms_rag_agent","1b9c2768-57d5-4e31-ba38-5cb84383e528","2025-07-15 10:08:08","47.3105"
"80885","wms_rag_agent","336f330c-a75f-4d35-91bf-aec21bfb9d9d","2025-07-15 10:08:17","70.5365"
"80887","wms_rag_agent","15173987-f1c9-4797-a55d-58d72097ef40","2025-07-15 10:08:26","74.3294"
"80888","wms_rag_agent","4e9a6824-f31f-45c9-8342-2f489147aee6","2025-07-15 10:08:28","28.2224"
"80889","wms_rag_agent","0f709ec9-61fa-48fb-9037-24c8501b697b","2025-07-15 10:08:31","30.9031"
"80890","wms_rag_agent","663dfd6e-d839-403c-a320-f6ac897ca185","2025-07-15 10:08:31","31.0449"
"80891","wms_rag_agent","23c900f9-762c-48e7-8a6c-72bd5086d057","2025-07-15 10:08:31","31.0963"
"80894","wms_rag_agent","6c537d9a-225c-49a4-b08f-2f032f6ed687","2025-07-15 10:08:48","16.3738"
"80895","wms_rag_agent","889b2102-a0da-4ae9-b23b-98cae1561195","2025-07-15 10:08:53","50.8283"
"80898","wms_rag_agent","2298ff5f-61de-4466-9936-1adb31570cbe","2025-07-15 10:08:59","58.8938"
"80899","wms_rag_agent","4db10dec-0cb4-4e23-887f-c54a743dfab3","2025-07-15 10:08:59","48.4228"
"80900","wms_rag_agent","26dbf428-ceaf-4052-b326-96b95090052f","2025-07-15 10:09:01","32.028"
"80901","wms_rag_agent","b86b68d3-8264-4513-80b1-45d0cb8c400f","2025-07-15 10:09:01","61.5869"
"80903","wms_rag_agent","0fb64c95-b565-415d-afc7-77eaa807991d","2025-07-15 10:09:03","63.7999"
"80905","wms_rag_agent","6a995a3b-4f4a-4d29-b5ff-adf9c7979233","2025-07-15 10:09:30","39.6863"
"80908","wms_rag_agent","dd032e5b-5fe8-4b32-8f71-6e85a17baa6e","2025-07-15 10:09:45","14.1863"
"80912","wms_rag_agent","dcdf29f4-2952-467a-afe6-c78d632ca921","2025-07-15 10:10:05","37.6538"
"80913","wms_rag_agent","d033d2c2-8f0f-42bb-b370-8b2f09f4d130","2025-07-15 10:10:05","28.2381"
"80914","wms_rag_agent","6bf0d607-28c4-4f03-b4e0-113756ffa7bd","2025-07-15 10:10:13","33.0942"
"80917","wms_rag_agent","5c1aab5a-5012-497f-bb92-d0fdfebba93b","2025-07-15 10:10:33","24.5783"
"80925","wms_rag_agent","f1730cd6-81cd-4c7b-848f-8cb0a625e84b","2025-07-15 10:11:00","46.4257"
"80926","wms_rag_agent","2cfac19f-e35f-47b5-97b6-3e185d1d3e8d","2025-07-15 10:11:06","30.1414"
"80927","wms_rag_agent","c3a9c3e4-8bfd-48fa-93f5-e7f5ea735dee","2025-07-15 10:11:07","30.6817"
"80929","wms_rag_agent","bc8e79c7-f763-4ddc-af7c-4104a75ae86e","2025-07-15 10:11:08","31.9145"
"80930","wms_rag_agent","d14083a1-f078-47d6-a498-9d6cfa3c1d9c","2025-07-15 10:11:08","32.0379"
"80931","wms_rag_agent","3e6a235a-c9b2-4fc5-8e0d-d728e9265603","2025-07-15 10:11:15","38.186"
"80932","wms_rag_agent","e4ab687e-734b-4c5f-8822-df98980de147","2025-07-15 10:11:17","37.9369"
"80933","wms_rag_agent","cfa8dd7d-19ce-4f2e-9d87-40cc1749cc5a","2025-07-15 10:11:27","27.8444"
"80940","wms_rag_agent","85187ce8-928d-4b5e-be34-65f6825bd219","2025-07-15 10:12:00","26.7198"
"80942","wms_rag_agent","0ed67491-8d5a-4b52-8413-e354c8f37915","2025-07-15 10:12:08","24.6561"
"80944","wms_rag_agent","336ccf4b-bfe5-4d73-a86b-ad202c291ba0","2025-07-15 10:12:10","32.2831"
"80945","wms_rag_agent","c96eee56-a49e-442c-8367-547b9e5ec66d","2025-07-15 10:12:33","46.7051"
"80952","wms_rag_agent","f785e03c-29e3-4f32-98b9-12899ffd5cc2","2025-07-15 10:12:51","24.9777"
"80953","wms_rag_agent","780c41b6-0f1a-47ae-a8c9-0c28ff46996c","2025-07-15 10:12:52","26.1444"
"80954","wms_rag_agent","a8e14789-1cce-4982-8c8f-c6f77cd979e3","2025-07-15 10:12:52","24.006"
"80955","wms_rag_agent","4436f391-b632-4a58-9207-9e432ec9d593","2025-07-15 10:12:53","26.8875"
"80956","wms_rag_agent","8ee0ea25-3e95-41fd-8cfe-4b3a0e0500b1","2025-07-15 10:12:54","27.6681"
"80959","wms_rag_agent","564e6239-5396-499b-98f2-4f1430f2b3c9","2025-07-15 10:13:05","25.1447"
"80965","wms_rag_agent","1f209747-0c63-40fd-bf0d-c5ce964b25fc","2025-07-15 10:13:26","19.6161"
"80966","wms_rag_agent","6dd834a2-f757-4d91-8857-59c11a01acf0","2025-07-15 10:13:27","40.1927"
"80967","wms_rag_agent","a149350d-5752-4f88-935b-7dd2022a6f4f","2025-07-15 10:13:28","30.7944"
"80968","wms_rag_agent","ecfc8f6b-2d14-413b-b3ee-e40f37351a94","2025-07-15 10:13:28","30.9344"
"80969","wms_rag_agent","5b09e773-4492-41c9-a1ba-6094e11cf78b","2025-07-15 10:13:31","30.6713"
"80970","wms_rag_agent","f8bf8fbb-24ec-4a1b-9aa8-4266ab27715b","2025-07-15 10:13:40","31.1318"
"80973","wms_rag_agent","8a236d34-84ed-4a85-99e9-df8fe4e3220a","2025-07-15 10:14:37","27.0462"
"80976","wms_rag_agent","eedaaa07-03e0-45d4-8324-2adb513d0c5d","2025-07-15 10:14:39","52.5167"
"80981","wms_rag_agent","3655266a-291f-425d-a94a-888f7ff54406","2025-07-15 10:15:01","31.2778"
"80982","wms_rag_agent","c2825a4a-c011-4e57-98ae-dfbbc07ff583","2025-07-15 10:15:04","15.2314"
"80983","wms_rag_agent","a1afc7e1-bdd2-4cdb-ac1f-32b2d4b9bc2f","2025-07-15 10:15:04","34.8437"
"80985","wms_rag_agent","e26fdef0-576b-4cc6-af45-dd37161a1ef2","2025-07-15 10:15:13","29.958"
"80987","wms_rag_agent","8d987cf6-d165-4bb9-9b20-c0abf310e2f5","2025-07-15 10:15:45","32.0546"
"80990","wms_rag_agent","8b551f4a-47b1-4c0e-9ae3-814d9da06f35","2025-07-15 10:16:10","30.7958"
"80993","wms_rag_agent","109015d9-8833-499c-9ed2-a2dc35eca6da","2025-07-15 10:16:54","23.6656"
"80995","wms_rag_agent","ae3778ea-b5d3-4105-a3cb-a31bdf35df0d","2025-07-15 10:17:03","333.106"
"80996","wms_rag_agent","0740fe2b-7a24-4cc5-b39b-457cf99d3669","2025-07-15 10:17:17","29.8844"
"80999","wms_rag_agent","6ced9ebc-e26e-4ead-8f13-e055306fce86","2025-07-15 10:17:50","34.2151"
"81001","wms_rag_agent","94c53c3a-ed79-4375-8ccf-2bcd1cf654c3","2025-07-15 10:18:07","36.2885"
"81003","wms_rag_agent","30339f5e-1633-4826-b6e3-58d8b510be81","2025-07-15 10:18:23","38.2464"
"81013","wms_rag_agent","207941b0-1ecf-4f72-b99b-fefa2fa7ec87","2025-07-15 10:18:49","45.9104"
"81016","wms_rag_agent","1512ab26-71f4-488f-9028-b6567ce6fcde","2025-07-15 10:19:10","33.2114"
"81017","wms_rag_agent","5e84c097-be4b-44dc-a6fc-ec7a88e4dc7b","2025-07-15 10:19:10","33.3188"
"81018","wms_rag_agent","145eb11c-2b0a-4086-a77d-72f651519575","2025-07-15 10:19:11","49.3996"
"81019","wms_rag_agent","8054cc71-1f5d-4da3-ba5b-75efd2bcc231","2025-07-15 10:19:12","16.4128"
"81020","wms_rag_agent","eca7d751-2361-4aaa-b197-41f0edc6744c","2025-07-15 10:19:13","51.9053"
"81021","wms_rag_agent","94475390-b525-4857-8ca4-fea4e0eaa50b","2025-07-15 10:19:18","57.0077"
"81022","wms_rag_agent","143ab25c-f3d5-4bf1-8fc8-9bd1eb65c069","2025-07-15 10:19:22","45.0805"
"81023","wms_rag_agent","6fc82db2-bc7c-4574-8f67-07adcfe61492","2025-07-15 10:19:24","46.9229"
"81027","wms_rag_agent","c8822d19-d952-4d63-aabc-1582cc7f2894","2025-07-15 10:20:56","22.8241"
"81028","wms_rag_agent","48d52eb7-baac-4512-be60-ec2d84112e33","2025-07-15 10:21:04","33.0482"
"81030","wms_rag_agent","587d3ffd-0394-4c26-acdd-1ad728715aa1","2025-07-15 10:21:32","36.4677"
"81034","wms_rag_agent","f5eb5b2a-efe7-42e8-87c1-46ef57c23d48","2025-07-15 10:22:05","16.6669"
"81037","wms_rag_agent","f94c9e4d-68d1-4de1-b318-7d1454e3fd23","2025-07-15 10:22:15","23.1987"
"81038","wms_rag_agent","80acb9b4-6bcb-40ca-85d0-8c36de076654","2025-07-15 10:22:18","36.4783"
"81040","wms_rag_agent","39e82e42-8096-42da-9037-675748defd11","2025-07-15 10:22:42","29.4332"
"81045","wms_rag_agent","4cf939d0-4d8a-49d4-84d5-d56775285c4a","2025-07-15 10:23:12","20.7344"
"81047","wms_rag_agent","4ba4bfb5-34c6-46c0-a82a-9d0ef2c6b377","2025-07-15 10:23:28","44.1814"
"81054","wms_rag_agent","09c1c659-eec9-40b4-922e-483e97dff1ef","2025-07-15 10:24:04","15.2605"
"81055","wms_rag_agent","8565ca96-b21b-4e20-ad93-7352852149c4","2025-07-15 10:24:07","28.9525"
"81057","wms_rag_agent","3ee7f577-f3f9-477e-8374-64d72d0e085e","2025-07-15 10:24:13","30.489"
"81060","wms_rag_agent","c04206b5-f4d3-4273-9f3e-f67d0ac28c99","2025-07-15 10:24:19","40.8559"
"81061","wms_rag_agent","d7b80545-7cf6-4c69-9266-242b910ad35b","2025-07-15 10:24:25","28.6808"
"81062","wms_rag_agent","9d39c25c-8886-492d-a76a-1eeec156ecc1","2025-07-15 10:24:25","53.1995"
"81065","wms_rag_agent","51890d37-74a5-4401-ac76-7d2ced235b89","2025-07-15 10:24:35","31.2304"
"81067","wms_rag_agent","65ed1e33-22fb-410b-a7d2-f742df94aad9","2025-07-15 10:24:37","18.9998"
"81068","wms_rag_agent","b0724bc1-ad79-45fd-94dc-d0ef4e21816d","2025-07-15 10:24:38","30.739"
"81069","wms_rag_agent","0c1131b2-2748-4298-9743-82be3028bb29","2025-07-15 10:24:38","20.726"
"81074","wms_rag_agent","b9249fb5-de0d-46a7-8ac1-1c3e3825802d","2025-07-15 10:24:57","28.4546"
"81075","wms_rag_agent","52b8470e-4aeb-4897-bb18-8960b71ec4fe","2025-07-15 10:24:57","22.0526"
"81076","wms_rag_agent","0b0cbae8-926f-4462-b473-ae4ace7e258b","2025-07-15 10:25:04","26.0451"
"81080","wms_rag_agent","a64ed063-e445-4af0-a674-cfb4490c6281","2025-07-15 10:25:25","33.3877"
"81081","wms_rag_agent","6afb8454-f7cf-4276-a29c-d524b7a70761","2025-07-15 10:25:27","32.7373"
"81083","wms_rag_agent","71eb63a5-4c8c-4218-8878-3abef98ba347","2025-07-15 10:25:36","38.257"
"81091","wms_rag_agent","164fca15-9d7e-4346-993f-0fe840b0a64f","2025-07-15 10:26:11","51.252"
"81093","wms_rag_agent","b618ad97-4b6c-4c4d-b661-400f6e22ea56","2025-07-15 10:26:16","18.987"
"81095","wms_rag_agent","ef8eb2a5-3726-4f84-a9d9-75399eaa7ffe","2025-07-15 10:26:22","33.0287"
"81098","wms_rag_agent","dd9de264-6bca-4c48-85df-2d560fc33472","2025-07-15 10:26:48","25.4633"
"81102","wms_rag_agent","a5d63fc1-0320-4838-8fe0-0f09dca26259","2025-07-15 10:26:58","45.7141"
"81103","wms_rag_agent","630e7ba1-903a-4581-ae4f-2124ddcdf99c","2025-07-15 10:27:06","18.2802"
"81104","wms_rag_agent","f6fb39ef-656a-4ef2-82a0-fa864a73a20d","2025-07-15 10:27:07","22.1138"
"81110","wms_rag_agent","11b24529-754c-44db-abe5-59a80c3bdf43","2025-07-15 10:27:20","60.6479"
"81111","wms_rag_agent","3a28b599-c501-4cf8-8a1c-7aadda455f32","2025-07-15 10:27:28","29.7659"
"81112","wms_rag_agent","837e8d34-4aff-4580-9243-19efeb540b74","2025-07-15 10:27:29","33.1076"
"81114","wms_rag_agent","66a05aec-1042-47a7-b821-40fbd1178015","2025-07-15 10:27:43","37.6935"
"81115","wms_rag_agent","146f7185-3f42-4367-b3d6-46c1f9ae8b5b","2025-07-15 10:28:00","32.7781"
"81120","wms_rag_agent","3eced137-5180-4e17-8f7b-3406338c9f3d","2025-07-15 10:28:37","35.4408"
"81125","wms_rag_agent","22a6b481-9a5d-487f-a1cf-6b81ee48d659","2025-07-15 10:28:40","41.6458"
"81128","wms_rag_agent","78f67b9d-e31c-4b19-8ed6-68473d161dc1","2025-07-15 10:28:57","28.0525"
"81130","wms_rag_agent","ddea6124-759e-4809-a4c7-e16837cc72f0","2025-07-15 10:29:01","23.4719"
"81131","wms_rag_agent","f50ee020-5855-4ceb-96ba-5863063d1bc3","2025-07-15 10:29:08","42.1224"
"81134","wms_rag_agent","2adbe415-edff-4ed0-9d67-0c1fb1090d75","2025-07-15 10:29:25","13.5505"
"81135","wms_rag_agent","9daf19e9-2f54-4db4-a6e6-23dca0dee615","2025-07-15 10:29:29","48.0782"
"81138","wms_rag_agent","4bc223d2-569f-4460-a010-fc7937623148","2025-07-15 10:29:59","32.0347"
"81142","wms_rag_agent","a9409c97-9e63-462b-96ec-c50c07812109","2025-07-15 10:30:13","43.2195"
"81144","wms_rag_agent","0f6697e8-ce76-4a04-bb06-384d77b5a1f7","2025-07-15 10:30:22","18.4126"
"81145","wms_rag_agent","b1301a42-67cb-4150-b37c-bbd89cf502dc","2025-07-15 10:30:27","24.1816"
"81151","wms_rag_agent","8312ec01-2a9c-4fb5-9bdb-6507c89c94d5","2025-07-15 10:30:48","40.3659"
"81152","wms_rag_agent","d9c5bbe6-04ba-4ba7-a327-f3cb84e29e2b","2025-07-15 10:31:00","32.6707"
"81155","wms_rag_agent","e6611542-9e3a-4dd4-9c24-2cd3235a0cd2","2025-07-15 10:31:11","40.9758"
"81162","wms_rag_agent","61c433f8-fec7-4fad-9eac-0d3c1b45293f","2025-07-15 10:31:55","40.7085"
"81164","wms_rag_agent","a6f1ecca-0055-44f0-a102-3fb360b0edeb","2025-07-15 10:32:19","45.5549"
"81165","wms_rag_agent","bc64bf44-31f9-4201-ad90-1aa1d80d1757","2025-07-15 10:32:19","61.0609"
"81166","wms_rag_agent","c124e962-64b5-4352-b4f7-716574aade5e","2025-07-15 10:32:26","45.0312"
"81171","wms_rag_agent","5d999ad5-85af-43e5-aa8c-8fa09364419e","2025-07-15 10:32:43","14.1016"
"81172","wms_rag_agent","b45091d8-5f91-4d83-bca6-0e85c87c57e4","2025-07-15 10:32:44","26.1545"
"81180","wms_rag_agent","4e945203-a4f1-4c28-80e2-452242cabf7b","2025-07-15 10:33:04","28.8667"
"81181","wms_rag_agent","e21e3b0c-5b79-4420-804a-e2a76fe560cc","2025-07-15 10:33:11","25.4011"
"81183","wms_rag_agent","c9627ab0-a866-4e8a-94ae-8f8be99eb562","2025-07-15 10:33:12","33.3093"
"81184","wms_rag_agent","9f36929d-91a3-48c0-9580-34c67158b1cd","2025-07-15 10:33:20","47.5743"
"81189","wms_rag_agent","6c85221e-eb88-409e-a44b-c71442250532","2025-07-15 10:33:33","30.4254"
"81190","wms_rag_agent","403f122b-3f8d-4d9d-b37f-5edd84ee54e9","2025-07-15 10:33:41","24.3908"
"81192","wms_rag_agent","fac2d2b8-678c-4674-833c-0a36d6259eac","2025-07-15 10:33:43","21.3313"
"81193","wms_rag_agent","9d8f8e62-4f75-4e13-bbd1-41c63d8351c7","2025-07-15 10:33:44","53.7961"
"81194","wms_rag_agent","7255e61a-239c-4eae-90f9-cf2fd0656f97","2025-07-15 10:33:50","25.7934"
"81198","wms_rag_agent","9dea9dc5-b050-43ee-bdec-f3a2688964f6","2025-07-15 10:34:08","20.7832"
"81200","wms_rag_agent","043ffdad-7574-4f39-b36c-301bd694adb5","2025-07-15 10:34:16","22.3233"
"81202","wms_rag_agent","c00aacc9-92e4-4d13-88b6-0fd7477c5294","2025-07-15 10:34:33","27.9723"
"81203","wms_rag_agent","faa959cf-a037-4a1e-95c1-d2ea33b9f8f8","2025-07-15 10:34:35","38.9684"
"81204","wms_rag_agent","74abd451-c725-4320-b781-c21b79457166","2025-07-15 10:34:36","78.1412"
"81205","wms_rag_agent","eb23544c-3198-4dc5-b9b6-17141b51560c","2025-07-15 10:34:37","58.6911"
"81207","wms_rag_agent","9fbd34ae-831d-4bd5-8473-3c239349a803","2025-07-15 10:35:04","39.991"
"81210","wms_rag_agent","232b0636-e993-4884-b652-6d8713bf8260","2025-07-15 10:35:32","41.69"
"81217","wms_rag_agent","5a2ae7e3-456d-4f75-a2c8-bf28abd0ecc7","2025-07-15 10:35:56","34.7007"
"81218","wms_rag_agent","a58b0317-aa52-4f2f-b71f-e734329d7746","2025-07-15 10:35:58","24.5458"
"81219","wms_rag_agent","7f0f6202-d82f-47a5-9d1c-7f94043a8ae4","2025-07-15 10:36:03","32.7714"
"81223","wms_rag_agent","a31bcad9-4860-44c1-9629-fbf4fbf95e91","2025-07-15 10:36:20","73.5297"
"81224","wms_rag_agent","21de4ce3-2d07-4158-a9e0-8e546c0fa87c","2025-07-15 10:36:21","53.3926"
"81225","wms_rag_agent","de33ad68-31fc-4ba6-bbc5-8a19ff8aab3a","2025-07-15 10:36:23","55.1383"
"81226","wms_rag_agent","3c7af85f-b298-4fee-bb1c-1aea2bac2649","2025-07-15 10:36:23","27.0966"
"81227","wms_rag_agent","38d7ac22-f997-48dd-a1d5-dc0488b4adc6","2025-07-15 10:36:29","29.8148"
"81229","wms_rag_agent","58052d5e-48da-410c-b66e-0786921d95ec","2025-07-15 10:36:47","21.5255"
"81230","wms_rag_agent","153a95a2-47b3-49fb-85f8-3acda9281b8d","2025-07-15 10:36:48","22.7788"
"81231","wms_rag_agent","53064878-e4e4-4ee8-a951-b21e9069b127","2025-07-15 10:36:52","43.4044"
"81233","wms_rag_agent","a2244448-6e37-4bf4-96ca-ef2146072cec","2025-07-15 10:37:07","28.7037"
"81242","wms_rag_agent","04abc80f-5a06-47ef-8836-52fcaf46597b","2025-07-15 10:38:40","26.7438"
"81244","wms_rag_agent","62b60660-f947-44b9-9ece-3c98aa073e12","2025-07-15 10:38:47","31.6766"
"81245","wms_rag_agent","4f35e6b5-8bce-405f-b986-2d4b8df619c7","2025-07-15 10:38:48","67.3278"
"81251","wms_rag_agent","cd8e6025-d6e3-42cf-99d3-c4905826fd99","2025-07-15 10:39:24","40.0454"
"81253","wms_rag_agent","fcaa6ae8-b501-482d-ba85-162b010bfc2f","2025-07-15 10:39:37","49.2622"
"81254","wms_rag_agent","0e8228b4-2de6-4cd2-ab04-d91c0c01b238","2025-07-15 10:39:55","33.3932"
"81256","wms_rag_agent","6a1bdbd1-7746-4e29-b02e-20b83d06a77e","2025-07-15 10:40:25","38.9769"
"81262","wms_rag_agent","3b6d3495-f901-4022-bb89-1fbeecd4fd96","2025-07-15 10:40:43","27.8466"
"81263","wms_rag_agent","31c3c5d6-6092-4a3b-bd79-74d53e4980b1","2025-07-15 10:40:43","28.0141"
"81265","wms_rag_agent","d24e2227-853b-4b94-8d86-29487a7f75b2","2025-07-15 10:40:59","43.2092"
"81271","wms_rag_agent","1c617dbb-8e96-4323-903f-1bcf8f2574a0","2025-07-15 10:41:19","45.6777"
"81274","wms_rag_agent","791e5e45-89a5-4acb-979a-40d47aced129","2025-07-15 10:41:55","32.3775"
"81275","wms_rag_agent","1be1b4b8-6dc9-4743-9305-46568db410b1","2025-07-15 10:41:55","28.6891"
"81281","wms_rag_agent","ccbf6e73-243f-4304-9858-aaff89ae699f","2025-07-15 10:42:47","26.4706"
"81284","wms_rag_agent","bbb9b7d6-34bd-42ea-ac1c-10ec49197749","2025-07-15 10:43:01","31.6254"
"81285","wms_rag_agent","34a4f8c7-1eed-4398-9fb7-94368e6437ac","2025-07-15 10:43:14","30.2667"
"81286","wms_rag_agent","449ee290-9af1-4d85-831e-3bf6f5eb713e","2025-07-15 10:43:23","42.4199"
"81295","wms_rag_agent","6232c3ff-c4ad-4b84-b477-3758a716b55a","2025-07-15 10:43:44","24.9269"
"81296","wms_rag_agent","2249c82a-9f53-49ed-85ac-642023663b9b","2025-07-15 10:43:54","29.3691"
"81300","wms_rag_agent","932d6a09-78f8-438c-875b-4090177b47b1","2025-07-15 10:44:04","36.7733"
"81301","wms_rag_agent","0cde2e4f-8d1e-44da-acb2-ba8cf583228b","2025-07-15 10:44:10","23.1197"
"81302","wms_rag_agent","a3f2a27c-def4-45de-897d-6f2b88e33603","2025-07-15 10:44:23","33.7812"
"81304","wms_rag_agent","437dd512-596b-4348-a562-af863e088448","2025-07-15 10:44:32","70.4772"
"81307","wms_rag_agent","51276743-2dbc-4d2e-a89b-f0202675fb1e","2025-07-15 10:44:53","30.4508"
"81314","wms_rag_agent","c52f5094-93f3-4e15-8a31-4a7745606852","2025-07-15 10:45:22","35.9121"
"81315","wms_rag_agent","9365db0d-75ac-4f4b-8822-eef46409b642","2025-07-15 10:45:24","28.4191"
"81316","wms_rag_agent","f30d548f-0ae3-42f9-809f-f517b7c9b7f2","2025-07-15 10:45:24","13.9698"
"81317","wms_rag_agent","39ec6f46-49e6-42ff-aec9-cf0ad7693c23","2025-07-15 10:45:30","49.1223"
"81318","wms_rag_agent","ffa0f063-99f5-4147-bd2c-c03d8b6432a5","2025-07-15 10:45:33","29.1704"
"81319","wms_rag_agent","11237d04-7739-411c-8995-346b37ea7780","2025-07-15 10:45:36","28.3889"
"81325","wms_rag_agent","e3d5a044-b534-4b0e-8fe8-78d1e451c462","2025-07-15 10:46:08","35.1882"
"81329","wms_rag_agent","daae9ba6-0c45-4f80-8fe2-91629ae47c8f","2025-07-15 10:46:29","34.3346"
"81330","wms_rag_agent","c43a4b4d-eeed-4c5c-ad1f-6b59ef5120e9","2025-07-15 10:46:32","42.9704"
"81331","wms_rag_agent","95c632c2-c649-4f12-91ab-0a6103692c6c","2025-07-15 10:46:37","29.9119"
"81334","wms_rag_agent","8eac7304-c1a6-41c3-a608-b1c38f436447","2025-07-15 10:46:49","20.2944"
"81338","wms_rag_agent","8995670b-202e-4262-b78d-f4202b052962","2025-07-15 10:47:09","43.7183"
"81340","wms_rag_agent","c305034a-feac-4f9e-8abc-6f1f3038e63d","2025-07-15 10:47:22","32.5217"
"81341","wms_rag_agent","8fbbc3b5-1443-4301-b93a-d60e3899f9f1","2025-07-15 10:47:28","41.7668"
"81344","wms_rag_agent","e4e7b100-138e-48e0-9331-0e0ea26e210b","2025-07-15 10:47:40","38.4729"
"81348","wms_rag_agent","c2bacd24-9b26-42ff-b874-6ad38f21fe28","2025-07-15 10:47:42","18.88"
"81350","wms_rag_agent","a14f2862-53cd-4e17-9877-dac118272ef1","2025-07-15 10:47:59","28.0825"
"81351","wms_rag_agent","6039d921-c270-403b-b635-7887ea4928d2","2025-07-15 10:47:59","26.2399"
"81352","wms_rag_agent","12d2363f-f05e-4e4a-9b89-b1a1a79ed1dc","2025-07-15 10:48:13","21.9526"
"81353","wms_rag_agent","03981f2c-97af-40c9-82bd-2f789b46e8a5","2025-07-15 10:48:20","56.0783"
"81356","wms_rag_agent","2fc9ad17-810a-474a-9406-361b60be5afd","2025-07-15 10:49:35","37.7717"
"81365","wms_rag_agent","ee514086-c414-447c-864b-8d6a792f6f11","2025-07-15 10:50:04","25.9164"
"81366","wms_rag_agent","9d967ecb-05c1-4758-9a9b-b51e09297ee0","2025-07-15 10:50:04","26.0406"
"81368","wms_rag_agent","e92e3ff4-b591-4a4d-94ee-b96134ae0c67","2025-07-15 10:50:04","26.2315"
"81370","wms_rag_agent","59b4cbcd-a705-4fa6-b97e-936188eced33","2025-07-15 10:50:06","28.4325"
"81371","wms_rag_agent","27c0a9c5-2bdb-425b-9d92-608d37852a52","2025-07-15 10:50:08","29.7434"
"81372","wms_rag_agent","72009eba-d309-4491-a25d-2391b792fe07","2025-07-15 10:50:08","29.761"
"81375","wms_rag_agent","3ee7a5d6-3435-466e-b1f1-3ae8673d29c8","2025-07-15 10:50:20","31.1799"
"81377","wms_rag_agent","873522d6-4c9a-4981-9feb-f272dc5069a9","2025-07-15 10:50:22","28.4437"
"81378","wms_rag_agent","5615eef0-bf46-4ccf-a515-6e5803217a31","2025-07-15 10:50:32","35.5925"
"81379","wms_rag_agent","d84f8fe2-de6f-42ca-87d5-f89e333c0e77","2025-07-15 10:50:32","19.2222"
"81382","wms_rag_agent","c928e6fc-9fb5-4dc0-937c-2aea7a70318e","2025-07-15 10:50:40","34.6483"
"81383","wms_rag_agent","ea1870e6-ca29-4eb4-b55b-f01e6cf5abf5","2025-07-15 10:50:50","18.2143"
"81387","wms_rag_agent","f7d76d7d-4d98-42ed-b696-b1ee29c4fa53","2025-07-15 10:51:09","25.7258"
"81388","wms_rag_agent","8948b57f-febb-442d-9e7c-51c3a0242a4d","2025-07-15 10:51:26","39.6122"
"81390","wms_rag_agent","fc66082a-382f-41b5-ba7c-659fb8f2d021","2025-07-15 10:51:28","38.7443"
"81392","wms_rag_agent","529b3b53-744f-45b0-aa5d-64c8a0b05ca2","2025-07-15 10:52:06","45.4496"
"81393","wms_rag_agent","b45e0d99-6640-487a-9036-4db1dd1b14f4","2025-07-15 10:52:12","44.9452"
"81401","wms_rag_agent","21d82451-b42b-4e15-b160-3cb9b386104a","2025-07-15 10:53:09","21.5189"
"81402","wms_rag_agent","d45d8267-a8f3-432a-83d8-8c83fa3e083a","2025-07-15 10:53:14","63.8782"
"81404","wms_rag_agent","aca6306e-7291-42ff-bfb0-7eeff345f084","2025-07-15 10:53:19","25.86"
"81407","wms_rag_agent","ee819fc4-c84e-435e-9a9d-1c62a0b937ef","2025-07-15 10:53:25","63.0847"
"81410","wms_rag_agent","716d89f6-17c5-4000-8a28-cc385b5a76a2","2025-07-15 10:53:43","27.4254"
"81412","wms_rag_agent","ac03e02d-a378-4a97-83d0-3c47bb9afdd1","2025-07-15 10:53:51","20.8529"
"81414","wms_rag_agent","d2982143-6f4b-4a9f-85e3-e13ea28c95e6","2025-07-15 10:54:01","71.2792"
"81415","wms_rag_agent","a10758f5-de2f-43c0-92fb-c26e912c2529","2025-07-15 10:54:04","57.133"
"81420","wms_rag_agent","fde39a2d-9bc3-498d-a099-0a3786caae0f","2025-07-15 10:54:34","25.0107"
"81421","wms_rag_agent","13f98805-f4bf-47dc-8d26-9355eb3a6554","2025-07-15 10:54:35","18.239"
"81422","wms_rag_agent","3410bb87-fd56-461b-ac7a-c0283a52c737","2025-07-15 10:54:38","31.7627"
"81423","wms_rag_agent","6f762673-6b21-428d-ab9a-4fb6801dcead","2025-07-15 10:54:38","32.6105"
"81426","wms_rag_agent","e4b33af8-c532-431a-9862-ea40cb2e2d3d","2025-07-15 10:55:04","26.6864"
"81430","wms_rag_agent","23a8b95a-6626-4803-a34c-9a32c864bc0b","2025-07-15 10:55:48","17.9563"
"81431","wms_rag_agent","6b8aa4ad-a049-49ac-bf08-cf8e1c52358f","2025-07-15 10:55:52","40.135"
"81434","wms_rag_agent","9003f016-62af-4b36-b71d-762b587e4741","2025-07-15 10:56:04","26.5042"
"81439","wms_rag_agent","fe6e8143-9070-4b52-a976-b6d48bb57370","2025-07-15 10:57:20","37.3109"
"81441","wms_rag_agent","9fa51ed8-bf9f-48a9-bac9-a335fe137b18","2025-07-15 10:57:27","36.0067"
"81442","wms_rag_agent","47cad3ed-9b32-408e-bc80-07708b24102e","2025-07-15 10:57:31","19.7284"
"81446","wms_rag_agent","6470a781-e018-4676-bd97-bdc7a4349b53","2025-07-15 10:57:35","18.831"
"81448","wms_rag_agent","9fc3f19d-9ccf-4884-897b-1d6004c0c5c0","2025-07-15 10:57:40","18.599"
"81451","wms_rag_agent","175384c7-5680-4dcd-911b-8d565135354b","2025-07-15 10:57:58","27.5528"
"81453","wms_rag_agent","c9b1047e-fed5-4ed0-88dd-9c94830ee74c","2025-07-15 10:58:00","34.972"
"81456","wms_rag_agent","86f8c2f1-3bc1-403c-b218-347bbb97b746","2025-07-15 10:58:15","20.2142"
"81457","wms_rag_agent","b78c86ee-d524-448f-8e93-2164644e307a","2025-07-15 10:58:18","32.086"
"81461","wms_rag_agent","3064aad9-d1cd-4ac8-8128-b65ae0121fe4","2025-07-15 10:58:48","38.2335"
"81462","wms_rag_agent","9c197eef-740d-4d40-83fa-83a14ab14754","2025-07-15 10:58:50","52.7618"
"81463","wms_rag_agent","3957f258-541c-4109-80f4-adc80b84380b","2025-07-15 10:58:57","30.1714"
"81466","wms_rag_agent","5774a85d-0de3-4590-b0de-d20f01091732","2025-07-15 10:59:16","37.6435"
"81470","wms_rag_agent","c403d742-df66-4e0c-bddf-8f418ff93fea","2025-07-15 10:59:49","22.0056"
"81471","wms_rag_agent","5b575b0d-c2bf-47be-bd34-9f782d35a487","2025-07-15 10:59:50","25.7102"
"81472","wms_rag_agent","60eb89d4-5af0-4df9-b2fc-a594fe7a8ee6","2025-07-15 11:00:01","24.6307"
"81474","wms_rag_agent","e86a85c5-ffcf-4995-af2a-fd140e9985f3","2025-07-15 11:00:19","38.1883"
"81476","wms_rag_agent","e911c327-7c3c-4fcd-b92b-54d678bf88ed","2025-07-15 11:00:42","23.1114"
"81479","wms_rag_agent","a0e3fd1a-804b-434e-bca2-45282baba7bf","2025-07-15 11:01:24","23.6079"
"81480","wms_rag_agent","ddc7924d-ca62-4d5b-89b9-e1a7d9c63c44","2025-07-15 11:01:33","37.6909"
"81482","wms_rag_agent","dd236a17-e3f1-46b7-82a2-c5b4b82a37d2","2025-07-15 11:02:14","49.0836"
"81488","wms_rag_agent","5a6c1bd0-8a4f-4076-9cac-9545fc9717a9","2025-07-15 11:02:47","25.3065"
"81489","wms_rag_agent","8aa4302d-0c17-48e7-8c3a-2d8bc47dd074","2025-07-15 11:02:50","33.8236"
"81490","wms_rag_agent","82730707-f439-4b4d-b7a9-5ddd775ec8ab","2025-07-15 11:02:59","39.2497"
"81492","wms_rag_agent","2813ded6-db1c-47f6-9317-85d48386fb99","2025-07-15 11:03:06","39.5968"
"81493","wms_rag_agent","eef51d88-6aa7-44f0-9090-b41ace66f637","2025-07-15 11:03:07","54.2586"
"81494","wms_rag_agent","55d178ab-5d10-461f-bbd3-a2834043b0c0","2025-07-15 11:03:13","22.5115"
"81497","wms_rag_agent","316ab53b-ef03-4f9b-ad6a-6adfc47d285d","2025-07-15 11:03:48","35.6887"
"81501","wms_rag_agent","6e489db2-8b4f-4159-ae1a-ba8c5bdeaecb","2025-07-15 11:04:21","28.1373"
"81505","wms_rag_agent","0356deb0-fa5f-4429-88be-4472b63fa8dd","2025-07-15 11:04:42","40.6497"
"81507","wms_rag_agent","322366b0-4218-4175-9ac3-5fc69090b01e","2025-07-15 11:04:50","36.3766"
"81508","wms_rag_agent","a45fec5c-4a17-4d2c-84ae-3555ac247e6f","2025-07-15 11:04:54","24.9378"
"81513","wms_rag_agent","c0659a51-cce9-4ed6-96ee-f4c8677e4ac1","2025-07-15 11:05:09","33.5938"
"81514","wms_rag_agent","d7bc83cc-1e5b-431d-ae4b-10407a9deeb6","2025-07-15 11:05:13","18.2672"
"81515","wms_rag_agent","8a9f09dc-6841-4170-a6e9-5a13c766187a","2025-07-15 11:05:14","19.2955"
"81518","wms_rag_agent","eb2f84f0-0e8c-4d24-b063-b6ab502569e0","2025-07-15 11:05:24","38.9706"
"81519","wms_rag_agent","b5c8104b-a13e-4481-baec-3c348758f9f1","2025-07-15 11:05:26","40.7422"
"81520","wms_rag_agent","a98f4a11-62a6-4854-a93c-ac2559e0d239","2025-07-15 11:05:43","37.7879"
"81523","wms_rag_agent","0013609d-6bc4-4060-8b35-00d5efa934df","2025-07-15 11:05:54","61.0851"
"81526","wms_rag_agent","baca9160-d694-45ed-a947-03b581456648","2025-07-15 11:06:05","55.7694"
"81528","wms_rag_agent","cf6e6144-290d-40d1-9c98-f243357f6252","2025-07-15 11:06:16","30.4719"
"81529","wms_rag_agent","353f236c-9eb8-4cfe-858e-08fe400f8609","2025-07-15 11:06:28","38.0108"
"81531","wms_rag_agent","a4ecc506-6d45-4b69-9ed1-1b66f28e560a","2025-07-15 11:06:32","31.3768"
"81532","wms_rag_agent","b8ba1bf3-503e-4cb6-a16f-1119932c8113","2025-07-15 11:06:46","23.4893"
"81537","wms_rag_agent","f6d23e90-2f02-4cc7-be80-1d6464c0a970","2025-07-15 11:07:21","28.65"
"81538","wms_rag_agent","5b8c11f9-bd84-43c1-91db-22612890610f","2025-07-15 11:07:32","23.4035"
"81549","wms_rag_agent","9e4394ff-bcb5-4670-81c1-9aed81941325","2025-07-15 11:08:23","29.4821"
"81550","wms_rag_agent","2cc60849-6d44-44ba-9fbb-cc0abac5653d","2025-07-15 11:08:36","39.5956"
"81551","wms_rag_agent","0d752743-8274-44a4-91b0-b30d90d4fab9","2025-07-15 11:08:50","35.7178"
"81553","wms_rag_agent","bc8afe02-872c-4347-ba81-1a14d4c45aea","2025-07-15 11:08:52","65.4898"
"81556","wms_rag_agent","5610e283-1b19-4606-ab7a-b54c43d5a6c4","2025-07-15 11:09:01","74.5833"
"81557","wms_rag_agent","922a296e-bb0e-4910-9b84-f026561d624b","2025-07-15 11:09:07","80.7852"
"81558","wms_rag_agent","d3487f23-370b-4458-b70c-277f14616cfe","2025-07-15 11:09:08","20.0933"
"81562","wms_rag_agent","73fb1a7e-f766-4939-9a01-2bbfe33e2476","2025-07-15 11:09:32","40.8972"
"81563","wms_rag_agent","f6997cad-812d-4afe-8f85-71d863000570","2025-07-15 11:09:35","28.0257"
"81567","wms_rag_agent","1c8d7b67-2818-4e06-880d-a9268e27b22b","2025-07-15 11:09:46","15.4246"
"81570","wms_rag_agent","ee8936e1-58b5-43ed-a5c5-01738bb1e291","2025-07-15 11:09:51","25.4241"
"81571","wms_rag_agent","21c473f0-2f6f-4a20-a30f-df65f451fcdb","2025-07-15 11:10:00","18.7391"
"81573","wms_rag_agent","2575fe94-6490-4663-9a68-f2862b12b2a8","2025-07-15 11:10:21","42.5778"
"81575","wms_rag_agent","ed72aa5a-bc07-40bd-86af-1f935e2b534e","2025-07-15 11:10:41","31.0747"
"81578","wms_rag_agent","28453412-017d-4064-82e7-dafa8c7c3a7b","2025-07-15 11:10:45","38.7591"
"81580","wms_rag_agent","e2529093-893a-4774-ac8c-14fb51bd3e08","2025-07-15 11:10:53","20.135"
"81581","wms_rag_agent","7d9f59e8-7cb8-40c1-af89-89c298348109","2025-07-15 11:10:55","90.1758"
"81583","wms_rag_agent","7983a056-8409-4d8f-9b81-8029d16330bd","2025-07-15 11:10:59","23.0263"
"81588","wms_rag_agent","c6bf3c9d-0433-4447-8de8-1de43dad8196","2025-07-15 11:11:52","45.1101"
"81591","wms_rag_agent","dc24ef40-19e8-4abb-9f2d-ce4723d16052","2025-07-15 11:12:00","34.1089"
"81593","wms_rag_agent","ad9d89aa-63eb-436d-8682-e65368322053","2025-07-15 11:12:17","31.73"
"81594","wms_rag_agent","152390a7-92b8-4c0f-9337-a180b5c5adfc","2025-07-15 11:12:21","32.4358"
"81601","wms_rag_agent","d73a4682-ca6f-45ed-baf5-78ebad87f769","2025-07-15 11:12:32","31.6043"
"81609","wms_rag_agent","3ed68d62-d7ec-4979-b17d-6f72e8f86c9a","2025-07-15 11:12:38","27.1906"
"81612","wms_rag_agent","5fe88ad9-a068-4177-8c43-8f3e1fd5accd","2025-07-15 11:12:49","28.4039"
"81613","wms_rag_agent","89d5d6b0-4c0d-4db3-9d24-cc6198c51a22","2025-07-15 11:12:52","18.2867"
"81615","wms_rag_agent","115b59b1-413a-4fd8-9af2-ae398b62c692","2025-07-15 11:12:56","40.5272"
"81617","wms_rag_agent","d63ea7b9-7676-41c9-8720-61a5ec4520e7","2025-07-15 11:13:09","51.1216"
"81618","wms_rag_agent","f52ec25e-f0a0-4148-9c15-f57ba3e13129","2025-07-15 11:13:18","37.2007"
"81623","wms_rag_agent","7df30706-02f2-4a14-aa9f-b583b161b32c","2025-07-15 11:13:46","17.8109"
"81625","wms_rag_agent","2d59f6d8-d503-4775-90e7-3894314dfeb4","2025-07-15 11:13:56","30.9366"
"81627","wms_rag_agent","57f8f239-11f2-45ac-805b-87d1bb44482a","2025-07-15 11:14:00","23.9049"
"81631","wms_rag_agent","1165d180-92d4-4dc3-adf0-4c1406ef57aa","2025-07-15 11:14:17","35.0953"
"81632","wms_rag_agent","ac97fe4d-3e7a-407a-935c-1aa9feb83443","2025-07-15 11:14:21","29.7233"
"81633","wms_rag_agent","34238f1a-8b66-4e8c-9ce4-62aa2a1b8a59","2025-07-15 11:14:25","25.503"
"81635","wms_rag_agent","c111c9b1-0019-4fae-b123-a07b63d813da","2025-07-15 11:14:31","34.2783"
"81637","wms_rag_agent","0ea27905-e259-493a-8fe1-20281d860171","2025-07-15 11:14:34","26.2638"
"81639","wms_rag_agent","7b966d60-57f7-486c-9300-ab6ff94573f6","2025-07-15 11:14:39","21.3537"
"81642","wms_rag_agent","5432b310-86b6-464d-9718-bbaa89447333","2025-07-15 11:15:03","37.4907"
"81643","wms_rag_agent","03a90c23-2386-487a-8c8f-b6a107f3eefb","2025-07-15 11:15:06","29.5177"
"81646","wms_rag_agent","aa3d8186-f090-4d08-963b-d86fdf53c258","2025-07-15 11:15:16","24.1626"
"81651","wms_rag_agent","88a7dcb9-eac8-4e36-8b94-fbd47c0962ef","2025-07-15 11:16:02","23.0851"
"81654","wms_rag_agent","0b56bb0e-311d-40dd-ac8b-d777e07032d6","2025-07-15 11:16:16","24.3904"
"81657","wms_rag_agent","3698b1ee-424a-440d-b3e7-77ae7eae91be","2025-07-15 11:16:25","36.5398"
"81658","wms_rag_agent","316ef707-5748-43e6-99fb-66ce2c969a84","2025-07-15 11:16:28","29.8238"
"81660","wms_rag_agent","bba1ef6b-26f5-4b80-aa42-7cc9c80ed792","2025-07-15 11:16:38","35.3729"
"81662","wms_rag_agent","ab8e5c74-80d4-475f-b5f5-c06b8b5407e9","2025-07-15 11:16:43","18.3079"
"81664","wms_rag_agent","dbb3b8c2-05a5-4452-9185-91cc71427065","2025-07-15 11:16:51","43.6775"
"81666","wms_rag_agent","64eafd14-b706-4233-854e-d7f1a2ef0da0","2025-07-15 11:16:58","17.8653"
"81670","wms_rag_agent","b123fc58-af30-48d1-b621-772593a80b18","2025-07-15 11:17:26","20.1756"
"81676","wms_rag_agent","929409d1-7b03-435e-b013-b15b25c9a15a","2025-07-15 11:18:19","27.1466"
"81677","wms_rag_agent","d0208194-4a5f-4d4b-a7e8-77792cfb512d","2025-07-15 11:18:20","20.0491"
"81680","wms_rag_agent","566daf62-8473-4243-b300-e43c771e6f32","2025-07-15 11:18:29","28.7493"
"81681","wms_rag_agent","f6b4640e-8157-40da-8ce7-ad0c624933a2","2025-07-15 11:18:35","37.3703"
"81689","wms_rag_agent","8fbbe142-a281-4eda-8ce0-7aa16d369c08","2025-07-15 11:19:23","26.591"
"81690","wms_rag_agent","db2f7207-2471-4697-b71a-8ac796139480","2025-07-15 11:19:32","33.7089"
"81692","wms_rag_agent","938199ae-240d-4c10-891f-75751a695599","2025-07-15 11:19:37","31.111"
"81697","wms_rag_agent","3f25f640-bba3-4a13-bcf6-977458e8755c","2025-07-15 11:20:14","22.1123"
"81700","wms_rag_agent","4a6a981c-2ddc-4e92-b94d-5ec9c55af082","2025-07-15 11:20:19","34.1877"
"81702","wms_rag_agent","257f8e9b-cff1-4c78-ba6b-0da244c7aa38","2025-07-15 11:20:27","27.2945"
"81703","wms_rag_agent","7f066f6d-affc-4579-bd86-b04cc4593674","2025-07-15 11:20:28","23.3933"
"81704","wms_rag_agent","59fa0c7a-cd67-4719-afaa-f1ee764df4d6","2025-07-15 11:20:34","64.5795"
"81706","wms_rag_agent","aac1501d-75a1-48ac-bc9a-842655ca4ddd","2025-07-15 11:20:44","47.4767"
"81709","wms_rag_agent","823c9b89-49b7-4876-b9dd-4e5223f270e6","2025-07-15 11:20:55","21.3446"
"81712","wms_rag_agent","5ccf9a34-3437-4d25-bf70-61d95006f941","2025-07-15 11:21:07","26.7204"
"81714","wms_rag_agent","9b9301e6-2766-42ee-83d8-9443ee62f9e0","2025-07-15 11:21:18","29.3207"
"81716","wms_rag_agent","1428641d-3662-401f-9b84-7c726bfde36e","2025-07-15 11:21:49","42.8269"
"81718","wms_rag_agent","149c17e5-5c4f-462f-bc6d-87f3fb4a3214","2025-07-15 11:21:58","34.7052"
"81720","wms_rag_agent","1b11360c-eafe-42ed-8723-b6af37d4deee","2025-07-15 11:22:08","27.0609"
"81723","wms_rag_agent","570768ac-820a-4522-9063-38f590d8f9e3","2025-07-15 11:22:23","23.9714"
"81725","wms_rag_agent","2ed762ac-379e-49f5-a513-595a9ef50e93","2025-07-15 11:22:31","22.951"
"81726","wms_rag_agent","1f2c768a-f6e8-4ef5-93fe-501a7e057a99","2025-07-15 11:22:31","28.0286"
"81729","wms_rag_agent","3c0251ba-d8cd-4585-99c3-9487e1c5f38c","2025-07-15 11:23:16","44.0293"
"81732","wms_rag_agent","1a222a62-d026-4ca9-bb6d-03f5dbc695f9","2025-07-15 11:23:42","41.6033"
"81734","wms_rag_agent","e51bfa94-c42a-479c-a99a-ad69fd81078a","2025-07-15 11:23:53","31.4374"
"81736","wms_rag_agent","47c8cad3-9783-42e5-ab6f-078638ddd33c","2025-07-15 11:24:06","25.4146"
"81740","wms_rag_agent","24d9c288-ec3b-48c8-8182-c8ab22fcea34","2025-07-15 11:24:47","31.2402"
"81744","wms_rag_agent","c6fc906d-54c9-4c45-9f40-5f0bd2a15d8f","2025-07-15 11:25:03","24.2942"
"81745","wms_rag_agent","8629ae4d-15ae-4aec-a6d9-c783a97d6583","2025-07-15 11:25:23","35.2838"
"81746","wms_rag_agent","301996e1-4597-41f5-b6d1-da8f7be38fad","2025-07-15 11:25:40","48.7683"
"81753","wms_rag_agent","58409424-099d-484d-b16c-8668179390be","2025-07-15 11:27:45","16.605"
"81755","wms_rag_agent","462d30aa-d0ff-4b4a-a9cd-73becedb88fa","2025-07-15 11:27:51","17.6808"
"81760","wms_rag_agent","bc5bd169-7617-4213-99a5-f3045c683bcc","2025-07-15 11:28:11","31.5417"
"81761","wms_rag_agent","7b6c4b19-b581-4247-9efc-6ee9a84cfbef","2025-07-15 11:28:19","17.8069"
"81763","wms_rag_agent","b263e601-c2c6-4244-a78d-a8230f2172ae","2025-07-15 11:28:44","47.9784"
"81770","wms_rag_agent","329b1384-6d24-4838-8e0f-b497c1f97ffa","2025-07-15 11:30:20","21.5868"
"81771","wms_rag_agent","4ca2de6c-1e88-46a3-bb00-ad9af20a9ff1","2025-07-15 11:30:28","22.618"
"81775","wms_rag_agent","6a8a4f62-066b-4f04-a94b-abda23780810","2025-07-15 11:31:09","32.1029"
"81780","wms_rag_agent","280c3145-e3d7-4bb9-94d7-eb4d7147f063","2025-07-15 11:31:47","32.043"
"81782","wms_rag_agent","18f5a707-fef0-4a7b-b346-b46564662a71","2025-07-15 11:31:55","48.2143"
"81783","wms_rag_agent","5e0171a8-4a09-49e3-9968-e8929632f341","2025-07-15 11:32:03","18.7354"
"81787","wms_rag_agent","6d61122b-624e-433f-bea5-d608173a1914","2025-07-15 11:32:49","39.4478"
"81788","wms_rag_agent","adb3bd56-320c-42dc-a9b8-2995d9cae7e4","2025-07-15 11:33:07","50.3596"
"81791","wms_rag_agent","1b554743-3d72-4d7f-b6f6-78a203120313","2025-07-15 11:34:26","23.0057"
"81793","wms_rag_agent","40c851b5-0509-4c7f-b0b0-61ddfa1fd7b1","2025-07-15 11:34:40","21.9835"
"81795","wms_rag_agent","4eb64291-a732-4f62-af29-d96d1e8f10de","2025-07-15 11:34:55","17.9727"
"81802","wms_rag_agent","10c7503a-2df2-4e50-9b70-da786f8be48c","2025-07-15 11:35:53","36.6574"
"81804","wms_rag_agent","d9ce6456-b2cd-4144-a2da-e1dc77b547c2","2025-07-15 11:36:19","45.3519"
"81812","wms_rag_agent","043b7160-5337-4f3e-9882-7fabd20edee4","2025-07-15 11:36:31","15.0733"
"81814","wms_rag_agent","0a66f4f3-9a1f-4644-a370-826233e26518","2025-07-15 11:36:35","45.6956"
"81816","wms_rag_agent","5d0692d4-2950-4e45-8e24-27352450b274","2025-07-15 11:36:47","35.8371"
"81819","wms_rag_agent","ff29a5f8-7a37-4ec5-8c79-ee361fe79222","2025-07-15 11:36:49","31.14"
"81821","wms_rag_agent","0a0ac28b-ce37-438c-8249-05a2723cb7c5","2025-07-15 11:36:54","43.1026"
"81823","wms_rag_agent","b97cac50-7ff3-4f1c-b695-ddfdf5afee67","2025-07-15 11:36:55","43.7364"
"81824","wms_rag_agent","4157304a-4219-4505-a80c-33cd22b30876","2025-07-15 11:36:57","29.7316"
"81825","wms_rag_agent","86662474-267e-427b-8258-0edbd4740c19","2025-07-15 11:36:57","45.9874"
"81826","wms_rag_agent","85560eeb-e28e-46db-8a2d-0fbdd8570570","2025-07-15 11:37:07","28.6667"
"81828","wms_rag_agent","08626cd1-805f-4840-9b5b-f28135a25c81","2025-07-15 11:37:18","31.7762"
"81832","wms_rag_agent","312059bc-0776-4946-a0f5-02cbef27067a","2025-07-15 11:37:54","18.2026"
"81834","wms_rag_agent","c6fca75f-ae46-4825-9f9a-13b758421f3c","2025-07-15 11:37:56","20.526"
"81836","wms_rag_agent","ed973969-e8dd-4fed-8f45-1c6e4cbc0379","2025-07-15 11:38:06","18.4655"
"81846","wms_rag_agent","264a83c1-ce17-4133-921a-68be0885fd26","2025-07-15 11:38:29","31.6639"
"81848","wms_rag_agent","c9f49433-6ef6-4871-a56e-f0b9f940c0c5","2025-07-15 11:38:36","38.9918"
"81852","wms_rag_agent","0b1ee169-a56d-4081-aef8-8dc61f690f6d","2025-07-15 11:38:37","39.7443"
"81853","wms_rag_agent","58accbc0-eee2-423f-bd66-26d9391b7c58","2025-07-15 11:38:37","39.9165"
"81854","wms_rag_agent","17ae5bfb-35ea-421a-9855-1a19276b0a88","2025-07-15 11:38:38","40.9298"
"81855","wms_rag_agent","94d44870-a56c-4b91-a888-42855d961112","2025-07-15 11:38:38","41.1202"
"81856","wms_rag_agent","e0c165b0-bf0f-43f1-bf36-7e68d11f8621","2025-07-15 11:38:38","41.4182"
"81857","wms_rag_agent","1692db07-433b-4ee5-aa02-43d5c896c070","2025-07-15 11:38:39","42.4549"
"81858","wms_rag_agent","40f8f7c4-94a4-4d51-9fd6-9d43eac953f3","2025-07-15 11:38:42","20.5427"
"81860","wms_rag_agent","d5100201-3e0c-4ae5-ae20-83dadb41d602","2025-07-15 11:38:44","23.1888"
"81861","wms_rag_agent","bc815155-7fcc-4ade-bbbd-1ea365dcee26","2025-07-15 11:38:45","21.012"
"81863","wms_rag_agent","0da91228-89cb-42d5-ba7d-df2d30b9ae92","2025-07-15 11:39:07","62.0812"
"81864","wms_rag_agent","af7afc1d-9fed-4328-90ef-495092f2690c","2025-07-15 11:39:30","38.4157"
"81868","wms_rag_agent","401e0862-9dbe-4635-bedf-ad1cc0e92f46","2025-07-15 11:39:59","15.4873"
"81869","wms_rag_agent","2781531a-2bbf-499b-8e56-e70bd457c886","2025-07-15 11:40:21","119.794"
"81870","wms_rag_agent","1c414653-2534-42a6-876d-072614cbe06b","2025-07-15 11:40:24","36.3304"
"81872","wms_rag_agent","e5906d02-7de0-494d-9763-b538c0a23f8c","2025-07-15 11:40:51","24.0338"
"81873","wms_rag_agent","d7b62a72-f3d1-4739-9ecd-cd26e9b25475","2025-07-15 11:40:55","20.2704"
"81875","wms_rag_agent","f103a612-aaab-4751-8693-75bf91ae6479","2025-07-15 11:41:08","20.7003"
"81884","wms_rag_agent","f8c1bdfd-d58e-488c-9587-44d5fb895c00","2025-07-15 11:42:30","42.4535"
"81885","wms_rag_agent","e215dbf3-c703-4207-baa0-5342cec17aa8","2025-07-15 11:42:32","75.0751"
"81886","wms_rag_agent","1965fd81-7e87-4105-be2e-315eead4c817","2025-07-15 11:42:35","74.7582"
"81891","wms_rag_agent","a06bd1d3-ec20-4848-8dee-210b474edfbd","2025-07-15 11:42:52","68.4587"
"81894","wms_rag_agent","01dd1da2-5bf0-40aa-8792-96c75a521873","2025-07-15 11:43:05","15.9174"
"81896","wms_rag_agent","030fcf2b-a747-463b-9107-47b77a8fe5c2","2025-07-15 11:43:11","34.7891"
"81897","wms_rag_agent","3ce8177a-ebe0-486c-9513-a5786488e1f6","2025-07-15 11:43:16","29.9399"
"81906","wms_rag_agent","6a90efa4-d4b6-4f82-93a6-5f13f617b072","2025-07-15 11:43:54","47.0643"
"81909","wms_rag_agent","44370355-cad2-4954-baa5-6d423da02012","2025-07-15 11:44:07","37.3575"
"81912","wms_rag_agent","b3182081-f58b-4304-81e1-d3dece9ac162","2025-07-15 11:44:17","41.8095"
"81914","wms_rag_agent","206b814c-bddb-4157-bafb-ad4390a47058","2025-07-15 11:44:20","21.9133"
"81915","wms_rag_agent","f4982bb7-0180-41ec-9d92-d987a095b823","2025-07-15 11:44:36","24.9207"
"81918","wms_rag_agent","5dc9f082-41de-43c9-874a-fede199e12ad","2025-07-15 11:45:24","30.4474"
